;numberOfAnalysts;avg;low;high;yearAgoEps;growth;Ticker
0q;39.0;1.14;0.94;1.28;0.86;0.32599998;AMZN
+1q;35.0;1.34;1.16;1.82;1.0;0.34;AMZN
0y;56.0;4.73;4.33;5.29;2.9;0.631;AMZN
+1y;57.0;5.81;4.88;7.63;4.73;0.22799999;AMZN
0q;30.0;3.09;2.96;3.17;2.73;0.132;MSFT
+1q;30.0;3.22;3.07;3.37;2.93;0.099;MSFT
0y;42.0;13.07;12.74;13.64;11.8;0.108;MSFT
+1y;41.0;15.22;14.23;16.26;13.07;0.16399999;MSFT
0q;27.0;1.55;0.92;1.65;1.36;0.14;AAPL
+1q;21.0;2.38;2.21;2.48;2.18;0.092;AAPL
0y;42.0;6.67;6.04;6.76;5.73;0.16399999;AAPL
+1y;42.0;7.48;6.88;7.93;6.67;0.12100001;AAPL
0q;36.0;1.84;1.64;1.98;1.41;0.305;GOOG
+1q;35.0;2.03;1.8;2.24;1.64;0.23799999;GOOG
0y;46.0;7.66;7.24;7.98;5.8;0.32099998;GOOG
+1y;46.0;8.71;8.07;9.8;7.66;0.137;GOOG
0q;37.0;0.74;0.72;0.8;0.37;1.0;NVDA
+1q;37.0;0.8;0.72;0.98;0.47;0.70199996;NVDA
0y;44.0;2.84;2.74;3.04;1.19;1.387;NVDA
+1y;43.0;4.03;3.5;5.1;2.84;0.41900003;NVDA
0q;41.0;1.84;1.64;1.98;1.55;0.187;GOOGL
+1q;40.0;2.03;1.8;2.24;1.64;0.23799999;GOOGL
0y;55.0;7.66;7.24;7.98;5.8;0.32099998;GOOGL
+1y;55.0;8.71;8.07;9.8;7.66;0.137;GOOGL
0q;41.0;5.22;4.75;5.76;4.0;0.305;META
+1q;40.0;6.33;5.78;7.0;5.33;0.188;META
0y;58.0;21.31;19.54;22.47;14.87;0.433;META
+1y;59.0;24.29;21.3;27.63;21.31;0.14;META
0q;15.0;3.63;1.17;4.82;0.1;35.3;LLY
+1q;15.0;5.42;4.6;5.86;2.49;1.1769999;LLY
0y;22.0;15.83;12.97;17.18;6.32;1.505;LLY
+1y;22.0;23.06;18.6;29.2;15.83;0.45700002;LLY
0q;29.0;1.38;1.08;1.46;1.11;0.24299999;AVGO
+1q;28.0;1.46;1.25;1.58;1.1;0.32700002;AVGO
0y;33.0;4.82;3.84;5.21;4.22;0.142;AVGO
+1y;36.0;6.16;5.07;7.0;4.82;0.278;AVGO
0q;28.0;0.57;0.41;0.7;0.66;-0.136;TSLA
+1q;26.0;0.62;0.31;0.76;0.71;-0.127;TSLA
0y;35.0;2.27;1.7;2.88;3.12;-0.272;TSLA
+1y;34.0;3.07;1.4;3.69;2.27;0.352;TSLA
0q;15.0;4.01;3.83;4.21;4.33;-0.074;JPM
+1q;15.0;3.71;3.53;4.02;2.8;0.325;JPM
0y;17.0;18.32;17.59;19.95;14.96;0.225;JPM
+1y;20.0;16.59;15.9;17.48;18.32;-0.094;JPM
0q;22.0;7.0;6.85;7.11;6.56;0.067;UNH
+1q;22.0;6.95;6.75;7.15;5.68;0.22399999;UNH
0y;26.0;27.7;27.45;27.95;23.15;0.19700001;UNH
+1y;27.0;31.17;30.26;32.02;27.7;0.125;UNH
0q;28.0;2.58;2.55;2.62;2.13;0.21100001;V
+1q;23.0;2.69;2.61;2.75;2.41;0.116000004;V
0y;35.0;9.92;9.85;9.96;8.0;0.24;V
+1y;35.0;11.07;10.71;11.24;9.92;0.116000004;V
0q;14.0;2.2;1.99;2.42;2.66;-0.173;JNJ
+1q;5.0;2.18;2.07;2.26;2.29;-0.048;JNJ
0y;5.0;9.82;9.73;9.91;9.92;-0.01;JNJ
+1y;5.0;10.51;10.11;10.71;9.82;0.07;JNJ
0q;18.0;1.91;1.75;2.25;2.27;-0.159;XOM
+1q;18.0;1.83;1.57;2.15;2.48;-0.262;XOM
0y;25.0;8.11;7.53;9.21;9.52;-0.148;XOM
+1y;25.0;8.38;5.04;10.14;8.11;0.033;XOM
0q;27.0;3.73;3.6;3.81;3.09;0.207;MA
+1q;27.0;3.67;3.55;3.95;3.18;0.154;MA
0y;35.0;14.31;14.18;14.65;12.26;0.16700001;MA
+1y;35.0;16.63;15.93;17.35;14.31;0.162;MA
0q;26.0;3.78;3.5;4.08;3.58;0.055999998;COST
+1q;26.0;4.0;3.72;4.42;3.92;0.02;COST
0y;36.0;17.83;16.6;19.17;16.56;0.077;COST
+1y;33.0;19.6;18.65;22.14;17.83;0.099;COST
0q;21.0;1.9;1.8;1.94;1.83;0.038;PG
+1q;21.0;1.95;1.88;2.02;1.84;0.06;PG
0y;26.0;6.97;6.87;7.03;6.59;0.058000002;PG
+1y;26.0;7.43;7.23;7.73;6.97;0.066;PG
0q;29.0;3.61;3.38;3.83;3.81;-0.051999997;HD
+1q;29.0;2.98;2.84;3.2;2.82;0.056999996;HD
0y;22.0;14.82;14.53;15.07;15.11;-0.019;HD
+1y;37.0;15.62;14.56;17.4;14.82;0.054;HD
0q;30.0;0.53;0.51;0.56;0.47;0.128;WMT
+1q;30.0;0.65;0.62;0.77;0.55;0.18200001;WMT
0y;36.0;2.45;2.4;2.58;2.03;0.207;WMT
+1y;36.0;2.72;2.6;2.89;2.45;0.11;WMT
0q;15.0;0.75;0.73;0.76;0.67;0.118999995;KO
+1q;15.0;0.54;0.52;0.56;0.45;0.2;KO
0y;23.0;2.85;2.83;2.92;2.5;0.14;KO
+1y;23.0;3.05;2.97;3.21;2.85;0.07;KO
0q;14.0;1.63;1.33;2.13;1.94;-0.16;MRK
+1q;15.0;1.89;1.74;2.01;0.03;62.0;MRK
0y;19.0;7.93;7.65;8.37;1.51;4.2520003;MRK
+1y;20.0;9.7;9.12;10.32;7.93;0.22299999;MRK
0q;17.0;2.62;2.25;3.76;3.05;-0.141;CVX
+1q;17.0;2.62;1.98;4.05;3.22;-0.186;CVX
0y;23.0;10.77;9.89;13.26;12.27;-0.122;CVX
+1y;22.0;11.75;7.95;18.05;10.77;0.091000006;CVX
0q;16.0;0.77;0.73;0.83;0.9;-0.144;BAC
+1q;16.0;0.8;0.73;0.88;0.35;1.286;BAC
0y;12.0;3.21;3.09;3.35;3.08;0.042;BAC
+1y;20.0;3.62;3.19;3.95;3.21;0.128;BAC
0q;17.0;2.94;2.88;3.0;2.95;-0.003;ABBV
+1q;17.0;2.97;2.83;3.1;2.79;0.065;ABBV
0y;25.0;10.87;10.67;11.06;11.11;-0.022;ABBV
+1y;24.0;12.07;11.48;12.68;10.87;0.11;ABBV
0q;34.0;5.11;4.66;5.29;3.73;0.37;NFLX
+1q;33.0;3.9;3.41;4.76;2.11;0.84800005;NFLX
0y;42.0;19.12;18.42;19.92;12.03;0.589;NFLX
+1y;41.0;23.07;21.05;25.19;19.12;0.207;NFLX
0q;38.0;2.44;2.42;2.56;1.96;0.245;CRM
+1q;38.0;2.65;2.55;2.74;2.29;0.157;CRM
0y;42.0;10.1;10.04;10.26;8.22;0.229;CRM
+1y;42.0;11.14;10.53;11.96;10.1;0.103;CRM
0q;14.0;1.95;1.94;1.99;1.65;0.18200001;PEP
+1q;14.0;1.67;1.59;1.71;1.61;0.037;PEP
0y;21.0;8.15;8.14;8.2;7.07;0.153;PEP
+1y;21.0;8.66;8.35;8.8;8.15;0.063;PEP
0q;26.0;4.66;4.63;4.72;3.93;0.186;ADBE
+1q;23.0;4.95;4.85;5.16;4.48;0.105;ADBE
0y;31.0;18.28;18.24;18.33;14.81;0.234;ADBE
+1y;32.0;20.55;19.98;21.14;18.28;0.124;ADBE
0q;24.0;1.48;1.47;1.51;1.23;0.203;ORCL
+1q;24.0;1.57;1.51;1.63;1.41;0.113000005;ORCL
0y;29.0;6.29;6.15;6.61;5.08;0.23799999;ORCL
+1y;29.0;7.16;6.55;7.69;6.29;0.138;ORCL
0q;23.0;5.25;5.15;5.43;5.69;-0.077;TMO
+1q;23.0;5.98;5.72;6.29;5.67;0.055;TMO
0y;29.0;21.73;21.41;21.95;21.55;0.008;TMO
+1y;29.0;23.82;22.37;24.51;21.73;0.096;TMO
0q;16.0;3.9;3.87;3.95;3.63;0.074;LIN
+1q;16.0;4.04;3.94;4.15;3.59;0.125;LIN
0y;26.0;15.53;15.42;15.7;14.2;0.094;LIN
+1y;26.0;17.11;16.35;17.64;15.53;0.102;LIN
0q;32.0;0.91;0.87;0.96;0.7;0.3;AMD
+1q;32.0;1.15;1.03;1.25;0.77;0.49400002;AMD
0y;42.0;3.41;3.24;3.89;2.65;0.287;AMD
+1y;43.0;5.43;3.95;7.0;3.41;0.592;AMD
0q;20.0;3.42;3.26;3.52;3.27;0.046;ACN
+1q;20.0;2.82;2.6;2.99;2.77;0.018;ACN
0y;23.0;12.82;12.67;13.1;11.95;0.073;ACN
+1y;23.0;14.01;13.42;15.2;12.82;0.093;ACN
0q;18.0;1.28;1.16;1.39;1.48;-0.135;WFC
+1q;17.0;1.25;1.17;1.37;1.29;-0.031;WFC
0y;17.0;5.1;4.96;5.28;5.26;-0.03;WFC
+1y;20.0;5.39;5.05;5.71;5.1;0.056999996;WFC
0q;17.0;0.87;0.86;0.89;1.11;-0.216;CSCO
+1q;17.0;0.87;0.81;0.9;0.81;0.074;CSCO
0y;23.0;3.58;3.54;3.86;3.73;-0.04;CSCO
+1y;22.0;3.89;3.69;4.43;3.58;0.087;CSCO
0q;21.0;1.2;1.18;1.23;1.14;0.053000003;ABT
+1q;21.0;1.34;1.31;1.38;1.19;0.126;ABT
0y;24.0;4.66;4.63;4.72;4.44;0.05;ABT
+1y;24.0;5.14;5.06;5.32;4.66;0.103;ABT
0q;15.0;1.13;1.05;1.26;0.82;0.378;GE
+1q;14.0;1.0;0.8;1.16;1.03;-0.029000001;GE
0y;13.0;4.25;4.05;4.48;2.81;0.512;GE
+1y;16.0;5.23;5.0;5.52;4.25;0.231;GE
0q;22.0;1.57;1.52;1.7;1.84;-0.147;DHR
+1q;22.0;2.37;2.24;2.48;2.09;0.134;DHR
0y;26.0;7.59;7.46;7.94;7.58;0.001;DHR
+1y;26.0;8.65;8.26;9.49;7.59;0.14;DHR
0q;8.0;1.82;1.79;1.84;1.67;0.09;PM
+1q;8.0;1.52;1.49;1.6;1.36;0.118;PM
0y;12.0;6.41;6.26;6.48;6.01;0.067;PM
+1y;12.0;7.05;6.62;7.21;6.41;0.1;PM
0q;23.0;2.56;2.54;2.63;2.02;0.26700002;QCOM
+1q;23.0;2.82;2.62;3.02;2.75;0.025;QCOM
0y;28.0;10.08;10.01;10.16;8.43;0.19600001;QCOM
+1y;29.0;11.13;10.23;12.61;10.08;0.103999995;QCOM
0q;21.0;5.12;4.85;5.42;4.96;0.032;AMGN
+1q;21.0;5.46;5.15;5.8;4.4;0.241;AMGN
0y;26.0;19.49;19.12;20.15;17.42;0.118999995;AMGN
+1y;28.0;20.67;17.85;23.46;19.49;0.061;AMGN
0q;27.0;3.19;3.1;3.31;3.19;0.0;MCD
+1q;27.0;2.95;2.8;3.18;2.76;0.069;MCD
0y;31.0;11.84;11.58;12.16;11.15;0.062;MCD
+1y;34.0;12.77;12.22;13.31;11.84;0.079;MCD
0q;27.0;1.37;1.36;1.46;1.85;-0.259;TXN
+1q;27.0;1.36;1.15;1.61;1.49;-0.087;TXN
0y;31.0;5.17;4.96;5.49;7.07;-0.269;TXN
+1y;33.0;6.35;5.32;8.62;5.17;0.22799999;TXN
0q;22.0;2.35;2.3;2.38;2.47;-0.049000002;INTU
+1q;22.0;3.2;3.02;3.5;2.63;0.21700001;INTU
0y;27.0;19.34;19.1;20.15;16.94;0.142;INTU
+1y;25.0;22.24;21.19;25.07;19.34;0.15;INTU
0q;12.0;2.22;2.1;2.4;2.01;0.103999995;IBM
+1q;12.0;3.78;3.59;3.96;3.54;0.068;IBM
0y;18.0;10.16;9.98;10.65;9.62;0.055999998;IBM
+1y;17.0;10.72;10.23;11.17;10.16;0.055;IBM
0q;15.0;0.59;0.3;0.74;-0.17;4.471;PFE
+1q;15.0;0.68;0.55;0.94;0.1;5.8;PFE
0y;22.0;2.65;2.45;3.0;1.84;0.44;PFE
+1y;22.0;2.86;2.46;3.25;2.65;0.079;PFE
0q;17.0;1.18;1.14;1.19;1.11;0.063;VZ
+1q;17.0;1.1;1.05;1.13;1.08;0.019;VZ
0y;21.0;4.56;4.13;4.7;4.71;-0.032;VZ
+1y;21.0;4.69;4.47;4.91;4.56;0.029000001;VZ
0q;20.0;1.1;1.0;1.22;0.82;0.341;DIS
+1q;12.0;1.36;1.15;1.53;1.14;0.19299999;DIS
0y;23.0;4.94;4.85;5.01;3.76;0.314;DIS
+1y;24.0;5.17;4.83;5.64;4.94;0.047;DIS
0q;25.0;2.19;2.12;2.27;2.12;0.033;AMAT
+1q;24.0;2.26;2.1;2.44;1.98;0.141;AMAT
0y;31.0;8.53;8.46;8.66;8.05;0.06;AMAT
+1y;31.0;9.73;8.99;10.91;8.53;0.141;AMAT
0q;28.0;3.46;3.1;3.77;2.92;0.185;NOW
+1q;28.0;3.79;3.43;4.07;3.11;0.219;NOW
0y;33.0;13.79;13.05;14.38;10.78;0.27899998;NOW
+1y;33.0;16.54;15.07;18.07;13.79;0.199;NOW
0q;18.0;5.36;5.09;5.59;5.52;-0.029000001;CAT
+1q;18.0;5.1;4.73;5.61;5.23;-0.025;CAT
0y;26.0;22.12;21.4;23.08;21.21;0.043;CAT
+1y;26.0;22.74;20.4;25.15;22.12;0.027999999;CAT
0q;11.0;0.97;0.8;1.18;0.94;0.032;NEE
+1q;11.0;0.57;0.4;0.7;0.52;0.096;NEE
0y;21.0;3.41;3.35;3.45;3.17;0.076;NEE
+1y;20.0;3.68;3.56;3.75;3.41;0.079;NEE
0q;23.0;1.63;1.53;1.72;1.46;0.116000004;ISRG
+1q;23.0;1.72;1.61;1.8;1.6;0.075;ISRG
0y;26.0;6.65;6.42;6.98;5.71;0.165;ISRG
+1y;27.0;7.68;7.24;8.38;6.65;0.155;ISRG
0q;17.0;3.59;3.3;3.91;3.21;0.118;SPGI
+1q;17.0;3.17;3.05;3.42;3.13;0.012999999;SPGI
0y;22.0;14.81;14.5;15.24;12.6;0.175;SPGI
+1y;22.0;16.44;15.59;17.15;14.81;0.11;SPGI
0q;23.0;1.07;0.98;1.15;1.08;-0.009;CMCSA
+1q;23.0;0.9;0.79;1.07;0.84;0.071;CMCSA
0y;26.0;4.21;3.91;4.41;3.98;0.058000002;CMCSA
+1y;27.0;4.42;4.05;5.12;4.21;0.05;CMCSA
0q;16.0;7.03;5.77;8.29;5.47;0.285;GS
+1q;15.0;8.06;6.66;9.35;5.48;0.471;GS
0y;21.0;35.52;33.38;37.69;22.87;0.553;GS
+1y;21.0;41.42;37.73;44.97;35.52;0.16600001;GS
0q;18.0;1.34;1.27;1.46;1.14;0.175;RTX
+1q;18.0;1.38;1.31;1.44;1.29;0.07;RTX
0y;20.0;5.47;5.4;5.55;5.06;0.081;RTX
+1y;21.0;6.12;5.8;6.34;5.47;0.118999995;RTX
0q;24.0;2.77;2.65;2.86;2.51;0.103999995;UNP
+1q;23.0;2.89;2.72;3.01;2.71;0.066;UNP
0y;29.0;11.1;10.88;11.3;10.45;0.062;UNP
+1y;29.0;12.4;11.46;12.98;11.1;0.117;UNP
0q;21.0;3.28;3.1;3.47;3.3;-0.006;AXP
+1q;19.0;2.97;2.64;3.27;2.62;0.134;AXP
0y;14.0;13.13;12.94;13.46;11.21;0.171;AXP
+1y;25.0;14.93;14.22;15.41;13.13;0.137;AXP
0q;19.0;1.09;1.07;1.14;1.03;0.058000002;TJX
+1q;19.0;1.18;1.14;1.28;1.22;-0.033;TJX
0y;25.0;4.17;4.11;4.27;3.86;0.08;TJX
+1y;25.0;4.6;4.27;4.87;4.17;0.103;TJX
0q;18.0;2.49;2.37;2.54;2.27;0.096999995;HON
+1q;17.0;2.78;2.64;3.07;2.6;0.069;HON
0y;20.0;10.12;9.98;10.24;9.16;0.105;HON
+1y;23.0;11.15;10.62;11.66;10.12;0.102;HON
0q;32.0;0.39;0.3;0.61;0.1;2.9;UBER
+1q;32.0;0.48;0.33;0.78;0.62;-0.22600001;UBER
0y;38.0;1.06;0.85;1.7;0.81;0.309;UBER
+1y;40.0;2.25;1.3;3.29;1.06;1.123;UBER
0q;20.0;4.1;3.77;4.9;4.08;0.005;VRTX
+1q;20.0;4.08;3.48;4.81;3.92;0.040999997;VRTX
0y;24.0;0.33;-0.36;3.62;14.23;-0.977;VRTX
+1y;25.0;17.74;1.49;23.14;0.33;52.758;VRTX
0q;16.0;1.58;1.45;1.7;1.38;0.145;MS
+1q;15.0;1.52;1.31;2.06;0.85;0.78800005;MS
0y;20.0;6.95;6.63;7.29;5.18;0.342;MS
+1y;21.0;7.64;7.02;8.23;6.95;0.099;MS
0q;29.0;2.81;2.76;2.88;3.06;-0.081999995;LOW
+1q;29.0;1.82;1.75;1.91;1.77;0.027999999;LOW
0y;32.0;11.81;11.7;11.97;13.1;-0.098000005;LOW
+1y;34.0;12.67;11.85;13.33;11.81;0.073;LOW
0q;18.0;0.57;0.54;0.61;0.64;-0.109;T
+1q;18.0;0.51;0.48;0.56;0.54;-0.055999998;T
0y;23.0;2.2;2.11;2.27;2.41;-0.087;T
+1y;23.0;2.26;2.09;2.39;2.2;0.027;T
0q;22.0;1.87;1.6;2.21;2.16;-0.134;COP
+1q;22.0;1.93;1.44;2.7;2.4;-0.19600001;COP
0y;23.0;7.88;7.23;9.63;8.77;-0.101;COP
+1y;23.0;8.48;6.15;10.94;7.88;0.076;COP
0q;19.0;3.66;3.3;4.02;2.09;0.751;PGR
+1q;16.0;3.32;3.0;3.93;2.97;0.118;PGR
0y;20.0;13.27;11.91;14.34;6.1;1.175;PGR
+1y;19.0;13.21;11.16;15.1;13.27;-0.005;PGR
0q;21.0;77.27;73.51;80.15;72.32;0.068;BKNG
+1q;21.0;36.21;31.7;38.52;32.0;0.132;BKNG
0y;25.0;175.06;157.09;179.06;152.22;0.15;BKNG
+1y;25.0;199.84;176.16;211.37;175.06;0.142;BKNG
0q;30.0;-0.02;-0.05;0.07;0.37;-1.054;INTC
+1q;30.0;0.09;0.0;0.17;0.54;-0.833;INTC
0y;37.0;0.26;0.06;0.46;1.05;-0.752;INTC
+1y;38.0;1.11;0.65;1.53;0.26;3.269;INTC
0q;15.0;1.31;1.22;1.43;1.63;-0.19600001;C
+1q;14.0;1.19;0.97;1.56;0.77;0.545;C
0y;17.0;5.65;5.33;6.16;5.52;0.024;C
+1y;18.0;7.04;6.24;7.8;5.65;0.246;C
0q;12.0;10.33;9.89;10.73;10.91;-0.053000003;BLK
+1q;11.0;11.25;10.73;12.02;9.66;0.165;BLK
0y;12.0;41.91;41.27;43.03;37.77;0.11;BLK
+1y;15.0;47.49;43.3;51.82;41.91;0.133;BLK
0q;18.0;2.8;2.75;2.84;2.47;0.134;ETN
+1q;18.0;2.81;2.77;2.95;2.55;0.102;ETN
0y;22.0;10.66;9.2;10.88;9.12;0.169;ETN
+1y;23.0;11.91;10.04;12.57;10.66;0.117;ETN
0q;19.0;9.7;9.17;10.49;8.99;0.079;ELV
+1q;19.0;6.78;6.05;7.34;5.62;0.206;ELV
0y;21.0;37.25;37.19;37.33;33.14;0.124;ELV
+1y;22.0;41.67;41.04;42.3;37.25;0.118999995;ELV
0q;4.0;0.64;0.62;0.67;0.8;-0.2;PLD
+1q;4.0;0.67;0.64;0.7;0.68;-0.015;PLD
0y;4.0;2.65;2.08;2.95;3.29;-0.195;PLD
+1y;6.0;3.39;2.48;6.1;2.65;0.27899998;PLD
0q;18.0;6.47;6.13;6.72;6.73;-0.039;LMT
+1q;18.0;6.73;6.38;7.04;7.88;-0.146;LMT
0y;24.0;26.44;26.12;26.8;27.85;-0.051;LMT
+1y;24.0;28.47;26.82;29.85;26.44;0.077;LMT
0q;22.0;11.85;10.14;13.32;11.59;0.022;REGN
+1q;22.0;11.89;9.53;13.86;11.86;0.003;REGN
0y;25.0;45.01;41.75;48.0;43.79;0.027999999;REGN
+1y;25.0;48.61;41.16;56.6;45.01;0.08;REGN
0q;19.0;1.61;1.56;1.66;1.57;0.025;MMC
+1q;18.0;1.83;1.64;1.95;1.68;0.088999994;MMC
0y;20.0;8.75;8.51;8.95;7.99;0.095;MMC
+1y;20.0;9.52;9.11;10.22;8.75;0.088;MMC
0q;21.0;5.0;4.41;5.77;4.95;0.01;CB
+1q;18.0;5.71;4.25;6.33;5.54;0.031;CB
0y;23.0;21.59;20.05;22.73;19.8;0.09;CB
+1y;22.0;23.38;20.61;24.5;21.59;0.083000004;CB
0q;24.0;1.75;1.67;1.93;-0.95;2.842;MU
+1q;24.0;1.95;1.67;2.23;0.42;3.643;MU
0y;27.0;8.91;7.18;10.24;1.3;5.854;MU
+1y;22.0;12.88;8.3;18.0;8.91;0.44599998;MU
0q;27.0;2.77;2.71;2.96;2.46;0.126;SYK
+1q;26.0;3.92;3.72;3.98;3.46;0.133;SYK
0y;30.0;12.01;11.97;12.06;10.6;0.133;SYK
+1y;29.0;13.5;13.26;13.73;12.01;0.124;SYK
0q;27.0;0.59;0.57;0.62;0.5;0.18;BSX
+1q;27.0;0.64;0.61;0.69;0.55;0.16399999;BSX
0y;32.0;2.41;2.38;2.48;2.05;0.176;BSX
+1y;33.0;2.73;2.61;2.94;2.41;0.133;BSX
0q;24.0;1.64;1.62;1.69;2.01;-0.184;ADI
+1q;23.0;1.58;1.45;1.79;1.73;-0.087;ADI
0y;27.0;6.34;6.31;6.39;10.09;-0.372;ADI
+1y;27.0;7.54;6.39;8.7;6.34;0.189;ADI
0q;21.0;0.8;0.76;0.84;0.68;0.176;LRCX
+1q;21.0;0.85;0.81;0.89;0.75;0.133;LRCX
0y;26.0;3.55;3.3;3.78;3.03;0.172;LRCX
+1y;19.0;4.48;3.93;5.26;3.55;0.262;LRCX
0q;28.0;1.25;1.23;1.27;1.25;0.0;MDT
+1q;28.0;1.37;1.34;1.4;1.3;0.054;MDT
0y;31.0;5.45;5.39;5.47;5.2;0.048;MDT
+1y;31.0;5.85;5.75;5.95;5.45;0.073;MDT
0q;15.0;2.21;2.14;2.27;2.08;0.062;ADP
+1q;14.0;2.33;2.29;2.4;2.13;0.094;ADP
0y;17.0;10.04;9.98;10.1;9.18;0.094;ADP
+1y;16.0;10.9;10.79;11.02;10.04;0.086;ADP
0q;11.0;1.57;1.24;1.86;1.26;0.246;AMT
+1q;11.0;1.46;0.98;1.62;0.18;7.1109996;AMT
0y;12.0;6.97;6.72;7.15;3.18;1.1919999;AMT
+1y;13.0;6.67;6.0;7.07;6.97;-0.043;AMT
0q;21.0;-1.65;-3.87;-0.36;-2.97;0.444;BA
+1q;20.0;-0.16;-1.35;0.46;-0.47;0.66;BA
0y;22.0;-5.7;-9.16;-3.63;-5.81;0.019;BA
+1y;23.0;3.34;1.4;6.46;-5.7;1.5860001;BA
0q;20.0;7.05;6.96;7.27;5.74;0.22799999;KLAC
+1q;20.0;7.41;6.93;7.95;6.16;0.203;KLAC
0y;24.0;29.7;28.08;32.21;23.74;0.25100002;KLAC
+1y;16.0;33.41;29.28;36.03;29.7;0.125;KLAC
0q;39.0;1.48;1.46;1.51;1.38;0.072;PANW
+1q;40.0;1.55;1.48;1.62;1.46;0.062;PANW
0y;46.0;6.27;6.17;6.37;5.67;0.106000006;PANW
+1y;46.0;7.15;5.43;8.43;6.27;0.14;PANW
0q;17.0;1.56;1.38;1.74;1.82;-0.143;BMY
+1q;17.0;1.5;1.31;1.64;1.59;-0.056999996;BMY
0y;24.0;0.74;0.53;0.85;7.02;-0.895;BMY
+1y;24.0;6.97;6.46;7.67;0.74;8.419001;BMY
0q;18.0;0.99;0.89;1.15;0.94;0.053000003;BX
+1q;18.0;1.48;1.28;1.62;1.11;0.333;BX
0y;21.0;4.42;4.17;4.68;3.95;0.118999995;BX
+1y;21.0;5.87;5.38;6.65;4.42;0.32799998;BX
0q;19.0;2.43;2.28;2.64;1.82;0.335;TMUS
+1q;17.0;2.28;2.03;2.49;1.67;0.365;TMUS
0y;26.0;9.24;8.88;10.12;6.93;0.333;TMUS
+1y;26.0;10.83;9.73;12.13;9.24;0.172;TMUS
0q;10.0;1.35;1.3;1.51;1.42;-0.049000002;SO
+1q;10.0;0.57;0.26;0.7;0.64;-0.109;SO
0y;16.0;4.04;3.97;4.14;3.65;0.107;SO
+1y;17.0;4.32;4.22;4.56;4.04;0.069;SO
0q;16.0;0.75;0.73;0.79;0.77;-0.025999999;SCHW
+1q;16.0;0.83;0.8;0.89;0.68;0.221;SCHW
0y;19.0;3.05;2.99;3.16;3.13;-0.025999999;SCHW
+1y;19.0;3.76;3.29;4.3;3.05;0.233;SCHW
0q;19.0;1.58;1.33;1.95;2.29;-0.31;GILD
+1q;17.0;1.55;1.2;1.78;1.61;-0.037;GILD
0y;22.0;3.83;3.61;4.01;6.28;-0.39;GILD
+1y;25.0;7.21;6.1;7.99;3.83;0.883;GILD
0q;24.0;1.64;1.49;1.82;1.57;0.045;UPS
+1q;23.0;2.54;2.36;2.76;2.47;0.027999999;UPS
0y;29.0;7.41;7.06;7.68;8.78;-0.156;UPS
+1y;29.0;8.84;7.04;9.8;7.41;0.19299999;UPS
0q;20.0;7.2;7.1;7.67;6.77;0.064;CI
+1q;20.0;8.12;7.74;8.31;6.79;0.19600001;CI
0y;24.0;28.5;28.4;28.65;25.09;0.136;CI
+1y;24.0;31.89;31.43;32.86;28.5;0.118999995;CI
0q;27.0;2.26;2.21;2.3;1.96;0.153;FI
+1q;27.0;2.48;2.38;2.57;2.19;0.132;FI
0y;33.0;8.75;8.59;8.82;7.52;0.16399999;FI
+1y;33.0;10.14;9.57;10.4;8.75;0.159;FI
0q;18.0;3.91;3.18;4.29;8.32;-0.53;DE
+1q;11.0;4.23;3.4;5.21;6.23;-0.32099998;DE
0y;24.0;24.92;22.43;25.37;34.69;-0.282;DE
+1y;24.0;22.69;18.31;26.75;24.92;-0.088999994;DE
0q;19.0;0.85;0.81;0.9;0.82;0.037;MDLZ
+1q;19.0;0.83;0.75;0.88;0.84;-0.012;MDLZ
0y;21.0;3.49;3.39;3.57;3.19;0.094;MDLZ
+1y;22.0;3.58;3.44;3.75;3.49;0.025999999;MDLZ
0q;25.0;0.65;0.57;0.81;1.03;-0.36900002;NKE
+1q;24.0;0.66;0.46;0.85;0.98;-0.32700002;NKE
0y;35.0;2.78;2.5;3.4;3.95;-0.296;NKE
+1y;35.0;3.24;2.5;3.99;2.78;0.165;NKE
0q;11.0;1.8;1.65;1.99;1.94;-0.072;DUK
+1q;11.0;1.55;1.33;1.73;1.51;0.025999999;DUK
0y;19.0;5.98;5.89;6.03;5.56;0.076;DUK
+1y;18.0;6.34;6.25;6.47;5.98;0.06;DUK
0q;15.0;1.54;1.48;1.57;1.46;0.055;ICE
+1q;15.0;1.56;1.5;1.61;1.33;0.173;ICE
0y;16.0;6.11;5.98;6.18;5.62;0.087;ICE
+1y;16.0;6.83;6.66;6.98;6.11;0.118;ICE
0q;9.0;1.35;1.32;1.38;1.17;0.154;MO
+1q;8.0;1.29;1.25;1.3;1.18;0.093;MO
0y;12.0;5.1;5.07;5.14;4.95;0.03;MO
+1y;12.0;5.3;5.18;5.47;5.1;0.039;MO
0q;19.0;2.08;2.0;2.34;1.83;0.137;ANET
+1q;19.0;2.08;1.88;2.49;2.08;0.0;ANET
0y;23.0;8.27;8.0;8.93;6.94;0.192;ANET
+1y;23.0;9.44;8.64;11.12;8.27;0.141;ANET
0q;18.0;0.88;0.87;0.91;0.86;0.023;CL
+1q;18.0;0.91;0.88;0.93;0.87;0.046;CL
0y;21.0;3.58;3.52;3.66;3.23;0.108;CL
+1y;22.0;3.88;3.8;4.04;3.58;0.084;CL
0q;27.0;1.04;0.94;1.09;1.06;-0.019;SBUX
+1q;20.0;0.96;0.83;1.05;0.9;0.067;SBUX
0y;35.0;3.55;3.45;3.7;3.54;0.003;SBUX
+1y;35.0;3.91;3.33;4.13;3.55;0.101;SBUX
0q;11.0;1.46;1.42;1.5;1.36;0.074;ZTS
+1q;11.0;1.44;1.38;1.49;1.24;0.161;ZTS
0y;18.0;5.82;5.72;5.87;5.32;0.094;ZTS
+1y;18.0;6.46;6.26;6.84;5.82;0.11;ZTS
0q;10.0;3.3;3.28;3.32;2.94;0.122;SNPS
+1q;9.0;3.57;3.36;3.81;3.38;0.055999998;SNPS
0y;10.0;13.12;13.09;13.18;10.38;0.264;SNPS
+1y;13.0;14.9;14.45;15.34;13.12;0.136;SNPS
0q;22.0;3.54;3.35;3.87;3.2;0.106000006;SHW
+1q;22.0;2.09;1.82;2.26;1.81;0.155;SHW
0y;28.0;11.5;11.2;12.0;10.35;0.111;SHW
+1y;28.0;12.89;12.35;13.86;11.5;0.12100001;SHW
0q;15.0;6.99;6.76;7.61;6.23;0.122;MCK
+1q;15.0;8.31;8.09;8.54;7.74;0.074;MCK
0y;18.0;32.08;31.83;32.25;27.44;0.169;MCK
+1y;17.0;35.71;34.74;36.76;32.08;0.113000005;MCK
0q;15.0;1.22;1.13;1.37;0.88;0.38599998;KKR
+1q;15.0;1.34;1.19;1.5;1.0;0.34;KKR
0y;18.0;4.62;4.49;4.78;3.42;0.35099998;KKR
+1y;18.0;6.05;5.76;6.5;4.62;0.31;KKR
0q;19.0;2.93;2.44;3.43;2.93;0.0;EQIX
+1q;19.0;2.75;2.16;3.2;2.4;0.146;EQIX
0y;21.0;11.28;10.49;12.23;10.31;0.094;EQIX
+1y;21.0;12.55;10.3;15.42;11.28;0.113000005;EQIX
0q;22.0;1.71;1.53;1.99;2.21;-0.22600001;CVS
+1q;22.0;1.68;1.48;1.92;2.12;-0.20799999;CVS
0y;27.0;6.53;6.4;7.0;8.74;-0.253;CVS
+1y;26.0;7.32;7.03;8.12;6.53;0.12100001;CVS
0q;18.0;1.89;1.78;1.98;1.63;0.16;WM
+1q;18.0;1.82;1.7;1.96;1.74;0.046;WM
0y;20.0;7.28;7.07;7.46;6.19;0.176;WM
+1y;21.0;8.03;7.66;8.65;7.28;0.103;WM
0q;20.0;3.23;3.18;3.3;2.79;0.158;TT
+1q;20.0;2.41;2.35;2.55;2.17;0.111;TT
0y;24.0;10.88;10.8;11.06;9.04;0.204;TT
+1y;24.0;12.38;11.73;12.96;10.88;0.138;TT
0q;29.0;0.25;0.24;0.26;0.23;0.087;CMG
+1q;29.0;0.24;0.22;0.26;0.21;0.143;CMG
0y;32.0;1.09;1.07;1.16;0.9;0.21100001;CMG
+1y;33.0;1.3;1.22;1.36;1.09;0.19299999;CMG
0q;15.0;0.45;0.44;0.47;0.39;0.154;APH
+1q;15.0;0.47;0.45;0.51;0.41;0.146;APH
0y;18.0;1.76;1.72;1.82;1.5;0.173;APH
+1y;18.0;2.05;1.94;2.21;1.76;0.165;APH
0q;17.0;2.74;2.32;3.18;2.43;0.128;MCO
+1q;17.0;2.18;1.88;2.5;2.19;-0.005;MCO
0y;21.0;11.57;11.2;12.23;9.9;0.169;MCO
+1y;21.0;12.94;12.2;14.05;11.57;0.118;MCO
0q;19.0;2.48;2.36;2.73;2.32;0.069;AON
+1q;17.0;4.3;4.09;4.68;3.89;0.105;AON
0y;20.0;15.26;14.61;15.99;14.14;0.079;AON
+1y;20.0;17.38;16.94;18.29;15.26;0.139;AON
0q;11.0;1.44;1.4;1.5;1.26;0.143;CDNS
+1q;11.0;1.98;1.93;2.0;1.38;0.435;CDNS
0y;14.0;5.88;5.83;5.92;5.15;0.142;CDNS
+1y;14.0;6.91;6.61;7.38;5.88;0.175;CDNS
0q;14.0;4.97;4.75;5.55;3.91;0.271;HCA
+1q;14.0;6.56;5.99;6.98;5.93;0.106000006;HCA
0y;14.0;22.64;21.6;23.55;18.66;0.213;HCA
+1y;16.0;24.76;22.73;25.94;22.64;0.094;HCA
0q;15.0;2.62;2.35;2.75;2.25;0.16399999;CME
+1q;15.0;2.44;2.29;2.65;2.37;0.03;CME
0y;17.0;10.11;9.76;10.36;9.34;0.081999995;CME
+1y;17.0;10.23;9.54;10.7;10.11;0.012;CME
0q;25.0;2.88;2.61;3.38;3.44;-0.16299999;EOG
+1q;24.0;2.75;2.28;3.31;3.07;-0.103999995;EOG
0y;27.0;11.66;11.03;12.67;11.69;-0.003;EOG
+1y;29.0;11.31;6.92;14.36;11.66;-0.03;EOG
0q;20.0;9.23;8.21;10.02;8.03;0.14899999;TDG
+1q;13.0;8.39;7.75;9.41;7.16;0.172;TDG
0y;20.0;33.66;32.77;36.8;25.84;0.303;TDG
+1y;21.0;39.65;36.84;42.56;33.66;0.17799999;TDG
0q;19.0;3.3;3.11;3.48;3.6;-0.083000004;PNC
+1q;19.0;3.25;3.09;3.43;3.16;0.027999999;PNC
0y;11.0;13.17;12.92;13.6;14.1;-0.066;PNC
+1y;22.0;14.78;14.0;15.6;13.17;0.122;PNC
0q;13.0;1.91;1.78;2.0;2.44;-0.21700001;MMM
+1q;13.0;1.72;1.59;1.82;2.42;-0.289;MMM
0y;15.0;7.28;7.2;7.42;9.24;-0.21200001;MMM
+1y;16.0;7.88;7.65;8.36;7.28;0.081999995;MMM
0q;20.0;6.07;5.89;6.38;6.18;-0.018;NOC
+1q;20.0;6.48;6.24;6.64;6.27;0.033;NOC
0y;23.0;25.19;24.72;25.5;23.29;0.081999995;NOC
+1y;23.0;27.66;26.24;28.6;25.19;0.098000005;NOC
0q;16.0;6.14;6.04;6.28;5.96;0.03;PH
+1q;16.0;6.39;6.21;6.55;6.15;0.039;PH
0y;20.0;26.77;26.33;27.05;25.44;0.051999997;PH
+1y;19.0;29.36;28.18;30.5;26.77;0.096999995;PH
0q;14.0;3.77;3.74;3.83;3.42;0.102;BDX
+1q;8.0;3.05;2.87;3.17;2.68;0.138;BDX
0y;16.0;13.11;13.09;13.15;12.21;0.074;BDX
+1y;16.0;14.32;14.2;14.46;13.11;0.092;BDX
0q;30.0;1.06;1.04;1.15;1.3;-0.185;PYPL
+1q;30.0;1.09;1.03;1.18;1.38;-0.21;PYPL
0y;35.0;4.45;4.35;5.1;4.76;-0.065;PYPL
+1y;36.0;4.87;4.44;5.84;4.45;0.094;PYPL
0q;23.0;0.48;0.46;0.5;0.42;0.143;CSX
+1q;23.0;0.49;0.47;0.51;0.45;0.088999994;CSX
0y;27.0;1.92;1.87;1.98;1.85;0.038;CSX
+1y;27.0;2.13;1.95;2.24;1.92;0.109;CSX
0q;28.0;2.3;2.1;2.51;2.1;0.095;TGT
+1q;28.0;2.67;2.3;2.98;2.98;-0.103999995;TGT
0y;34.0;9.56;9.0;10.09;8.94;0.069;TGT
+1y;34.0;10.53;9.9;11.67;9.56;0.101;TGT
0q;13.0;0.99;0.97;1.01;1.05;-0.056999996;USB
+1q;13.0;1.01;0.93;1.07;0.99;0.02;USB
0y;12.0;3.9;3.85;3.95;4.31;-0.095;USB
+1y;15.0;4.27;4.03;4.72;3.9;0.095;USB
0q;23.0;3.95;2.67;4.7;3.99;-0.01;FDX
+1q;23.0;4.86;3.28;5.89;3.86;0.259;FDX
0y;26.0;19.54;15.82;20.5;17.8;0.098000005;FDX
+1y;27.0;22.71;15.5;24.0;19.54;0.162;FDX
0q;9.0;0.38;0.32;0.48;0.24;0.583;WELL
+1q;9.0;0.4;0.33;0.48;0.15;1.6669999;WELL
0y;10.0;1.38;1.2;1.61;0.66;1.091;WELL
+1y;10.0;1.8;1.63;2.03;1.38;0.304;WELL
0q;22.0;11.61;11.27;11.86;10.72;0.083000004;ORLY
+1q;22.0;9.82;9.47;10.44;9.26;0.06;ORLY
0y;27.0;41.21;40.75;41.7;38.47;0.071;ORLY
+1y;27.0;45.85;43.62;49.3;41.21;0.113000005;ORLY
0q;20.0;3.57;3.21;4.02;2.77;0.289;GD
+1q;20.0;4.56;4.25;4.81;3.64;0.253;GD
0y;24.0;14.3;13.7;14.7;12.02;0.19;GD
+1y;24.0;16.41;15.62;17.35;14.3;0.148;GD
0q;23.0;0.89;0.82;0.92;0.71;0.254;SLB
+1q;23.0;0.98;0.88;1.04;0.86;0.14;SLB
0y;22.0;3.48;3.35;3.69;2.98;0.168;SLB
+1y;25.0;4.04;3.59;4.36;3.48;0.161;SLB
0q;10.0;3.36;3.34;3.42;3.19;0.053000003;MSI
+1q;10.0;3.88;3.85;3.95;3.9;-0.005;MSI
0y;13.0;13.31;13.25;13.46;11.95;0.11399999;MSI
+1y;13.0;14.5;13.75;15.38;13.31;0.088999994;MSI
0q;17.0;2.53;2.43;2.67;2.55;-0.008;ITW
+1q;17.0;2.52;2.43;2.65;2.42;0.040999997;ITW
0y;18.0;10.29;10.01;10.4;9.78;0.051999997;ITW
+1y;19.0;10.75;10.21;11.01;10.29;0.045;ITW
0q;16.0;1.01;0.99;1.03;0.9;0.122;CTAS
+1q;16.0;1.0;0.27;1.07;0.96;0.042;CTAS
0y;19.0;4.23;4.15;4.3;3.79;0.116000004;CTAS
+1y;19.0;4.68;4.54;4.96;4.23;0.106000006;CTAS
0q;18.0;1.47;1.43;1.49;1.29;0.14;EMR
+1q;12.0;1.29;1.22;1.39;1.22;0.056999996;EMR
0y;23.0;5.48;5.45;5.5;4.44;0.234;EMR
+1y;23.0;5.94;5.68;6.64;5.48;0.084;EMR
0q;16.0;3.49;3.33;3.63;3.15;0.108;APD
+1q;9.0;3.21;3.0;3.5;2.82;0.138;APD
0y;20.0;12.34;12.2;12.5;11.51;0.072;APD
+1y;22.0;13.33;12.75;14.27;12.34;0.08;APD
0q;22.0;3.43;3.42;3.49;3.7;-0.073;NXPI
+1q;22.0;3.67;3.48;3.89;3.71;-0.011;NXPI
0y;26.0;13.46;11.4;13.76;14.01;-0.039;NXPI
+1y;26.0;15.28;12.44;17.24;13.46;0.135;NXPI
0q;16.0;1.58;0.79;4.99;8.14;-0.806;MPC
+1q;15.0;1.41;-0.32;3.36;3.98;-0.64599997;MPC
0y;15.0;9.5;7.41;11.13;23.63;-0.598;MPC
+1y;16.0;10.42;8.45;17.42;9.5;0.096999995;MPC
0q;14.0;0.36;0.18;0.46;0.39;-0.077;FCX
+1q;13.0;0.42;0.29;0.6;0.27;0.556;FCX
0y;17.0;1.59;1.22;1.96;1.54;0.032;FCX
+1y;20.0;2.18;1.3;2.91;1.59;0.371;FCX
0q;18.0;1.82;1.78;1.87;1.54;0.18200001;ECL
+1q;18.0;1.81;1.76;1.94;1.55;0.168;ECL
0y;22.0;6.63;6.28;6.83;5.21;0.273;ECL
+1y;22.0;7.5;7.07;7.8;6.63;0.131;ECL
0q;18.0;2.27;2.23;2.36;2.0;0.135;AJG
+1q;15.0;2.11;2.08;2.19;1.85;0.141;AJG
0y;18.0;10.14;10.0;10.37;8.76;0.158;AJG
+1y;19.0;11.35;11.0;11.74;10.14;0.118999995;AJG
0q;16.0;1.72;1.47;2.01;4.63;-0.629;PSX
+1q;16.0;1.75;0.97;2.73;3.09;-0.43400002;PSX
0y;16.0;7.83;6.72;9.6;15.81;-0.505;PSX
+1y;17.0;11.07;7.54;14.0;7.83;0.414;PSX
0q;13.0;4.53;4.5;4.56;4.32;0.049000002;ROP
+1q;13.0;4.76;4.69;4.82;4.37;0.088999994;ROP
0y;14.0;18.19;18.1;18.33;16.71;0.088999994;ROP
+1y;14.0;19.97;19.3;21.45;18.19;0.098000005;ROP
0q;28.0;2.15;1.84;2.47;6.63;-0.676;ABNB
+1q;28.0;0.72;0.52;0.97;0.71;0.0139999995;ABNB
0y;32.0;4.11;3.62;4.43;7.89;-0.479;ABNB
+1y;33.0;4.61;3.68;5.66;4.11;0.122;ABNB
0q;19.0;0.91;0.87;0.97;0.84;0.083000004;TFC
+1q;19.0;0.9;0.83;1.06;0.91;-0.011;TFC
0y;7.0;3.64;3.6;3.8;3.8;-0.042;TFC
+1y;21.0;4.0;3.74;4.28;3.64;0.099;TFC
0q;11.0;0.82;0.65;0.97;0.36;1.278;NEM
+1q;11.0;1.03;0.78;1.22;0.5;1.06;NEM
0y;16.0;3.04;2.75;3.38;1.61;0.888;NEM
+1y;19.0;3.83;2.87;5.01;3.04;0.26;NEM
0q;5.0;2.51;2.36;2.6;2.26;0.111;CEG
+1q;4.0;2.05;1.95;2.16;-0.11;19.636;CEG
0y;9.0;8.12;7.79;9.12;5.01;0.621;CEG
+1y;13.0;8.99;8.3;9.7;8.12;0.107;CEG
0q;18.0;3.75;3.44;4.33;4.45;-0.157;COF
+1q;18.0;2.65;0.88;3.76;2.24;0.183;COF
0y;14.0;12.95;12.42;13.71;12.52;0.034;COF
+1y;15.0;15.71;14.54;17.05;12.95;0.213;COF
0q;19.0;0.82;0.74;0.92;0.89;-0.079;CARR
+1q;18.0;0.55;0.45;0.61;0.53;0.038;CARR
0y;21.0;2.86;2.8;2.95;2.73;0.048;CARR
+1y;23.0;3.1;2.9;3.39;2.86;0.084;CARR
0q;22.0;3.1;3.04;3.21;2.65;0.17;NSC
+1q;21.0;3.11;2.92;3.23;2.83;0.099;NSC
0y;25.0;11.78;11.53;11.93;11.74;0.003;NSC
+1y;25.0;13.67;13.01;14.14;11.78;0.16;NSC
0q;21.0;33.7;32.04;34.78;32.55;0.035;AZO
+1q;21.0;29.83;28.19;31.65;28.89;0.033;AZO
0y;25.0;155.93;149.06;164.73;149.55;0.043;AZO
+1y;24.0;176.1;165.39;185.31;155.93;0.129;AZO
0q;17.0;4.17;3.94;4.33;4.45;-0.063;DHI
+1q;12.0;2.89;2.45;3.27;2.82;0.025;DHI
0y;22.0;14.57;13.9;14.75;13.82;0.054;DHI
+1y;22.0;15.97;15.0;17.08;14.57;0.096;DHI
0q;12.0;1.81;1.67;1.89;1.77;0.023;AEP
+1q;12.0;1.29;1.2;1.43;1.23;0.049000002;AEP
0y;19.0;5.62;5.52;5.72;5.25;0.07;AEP
+1y;18.0;5.98;5.86;6.17;5.62;0.064;AEP
0q;8.0;0.41;0.38;0.46;0.54;-0.241;WMB
+1q;8.0;0.48;0.45;0.56;0.48;0.0;WMB
0y;12.0;1.84;1.72;2.03;1.91;-0.037;WMB
+1y;12.0;2.13;2.0;2.39;1.84;0.158;WMB
0q;37.0;0.81;0.79;0.83;0.82;-0.012;CRWD
+1q;38.0;0.86;0.84;1.04;0.95;-0.095;CRWD
0y;39.0;3.63;3.6;3.66;3.09;0.175;CRWD
+1y;43.0;4.26;3.43;5.41;3.63;0.174;CRWD
0q;21.0;2.12;2.08;2.22;2.07;0.024;ADSK
+1q;21.0;2.12;2.07;2.16;2.09;0.0139999995;ADSK
0y;25.0;8.28;8.19;8.66;7.6;0.088999994;ADSK
+1y;25.0;9.17;8.76;9.76;8.28;0.107;ADSK
0q;18.0;1.85;1.79;1.91;1.67;0.108;HLT
+1q;18.0;1.78;1.71;1.84;1.68;0.06;HLT
0y;21.0;7.05;6.94;7.18;6.21;0.135;HLT
+1y;23.0;8.12;7.63;8.69;7.05;0.152;HLT
0q;15.0;1.68;1.58;1.82;1.84;-0.087;AFL
+1q;14.0;1.62;1.55;1.71;1.25;0.296;AFL
0y;15.0;6.76;6.42;7.0;6.23;0.085;AFL
+1y;15.0;7.11;6.79;7.7;6.76;0.051999997;AFL
0q;19.0;2.31;2.27;2.42;2.11;0.095;MAR
+1q;19.0;2.43;2.37;2.56;3.57;-0.319;MAR
0y;23.0;9.35;9.12;9.59;9.99;-0.064;MAR
+1y;23.0;10.61;9.56;11.32;9.35;0.135;MAR
0q;9.0;1.12;0.98;1.33;1.08;0.037;SRE
+1q;9.0;1.35;0.98;1.54;1.13;0.195;SRE
0y;13.0;4.76;4.6;4.9;4.61;0.033;SRE
+1y;15.0;5.15;5.07;5.38;4.76;0.081999995;SRE
0q;16.0;1.17;0.9;2.07;7.49;-0.84400004;VLO
+1q;14.0;1.36;0.17;3.03;3.55;-0.617;VLO
0y;16.0;9.5;7.76;13.45;24.9;-0.618;VLO
+1y;17.0;11.25;7.68;15.9;9.5;0.184;VLO
0q;9.0;0.37;0.29;0.5;0.33;0.12100001;O
+1q;9.0;0.38;0.29;0.51;0.3;0.26700002;O
0y;9.0;1.25;1.03;1.5;1.26;-0.008;O
+1y;10.0;1.6;1.25;2.1;1.25;0.28;O
0q;5.0;1.57;1.39;1.69;1.82;-0.137;SPG
+1q;5.0;1.85;1.55;1.99;2.29;-0.192;SPG
0y;5.0;7.12;6.38;7.4;6.98;0.02;SPG
+1y;6.0;6.39;5.63;6.96;7.12;-0.103;SPG
0q;15.0;1.12;0.9;1.3;1.04;0.077;AIG
+1q;13.0;1.51;1.32;1.63;1.26;0.198;AIG
0y;16.0;5.19;4.7;6.18;4.39;0.18200001;AIG
+1y;16.0;6.86;6.47;7.4;5.19;0.322;AIG
0q;13.0;0.66;0.6;0.8;0.61;0.081999995;CCI
+1q;13.0;0.73;0.68;0.83;0.83;-0.12;CCI
0y;15.0;2.7;2.62;3.0;3.46;-0.22;CCI
+1y;15.0;2.82;2.46;4.23;2.7;0.044;CCI
0q;14.0;1.82;1.77;1.89;2.34;-0.222;PCAR
+1q;14.0;1.79;1.64;1.96;2.7;-0.337;PCAR
0y;21.0;8.09;7.83;9.1;8.76;-0.076;PCAR
+1y;21.0;8.11;6.85;9.73;8.09;0.002;PCAR
0q;16.0;0.28;0.17;0.73;2.33;-0.88;DLR
+1q;15.0;0.3;0.14;0.48;0.08;2.75;DLR
0y;18.0;1.67;1.33;2.34;3.0;-0.443;DLR
+1y;19.0;1.39;0.96;2.46;1.67;-0.168;DLR
0q;19.0;2.44;1.83;2.8;2.28;0.07;GM
+1q;18.0;1.89;1.13;2.35;1.24;0.524;GM
0y;24.0;10.03;9.06;10.7;7.68;0.306;GM
+1y;25.0;9.88;7.06;11.41;10.03;-0.015;GM
0q;23.0;3.68;2.8;4.74;1.95;0.88699996;TRV
+1q;20.0;6.21;5.53;6.95;7.01;-0.11399999;TRV
0y;25.0;17.25;16.25;18.36;13.13;0.314;TRV
+1y;25.0;20.61;17.78;22.0;17.25;0.195;TRV
0q;14.0;1.42;1.38;1.47;1.27;0.118;BK
+1q;14.0;1.47;1.35;1.57;1.28;0.148;BK
0y;14.0;5.67;5.31;5.84;5.05;0.123;BK
+1y;16.0;6.32;5.88;6.63;5.67;0.115;BK
0q;17.0;1.42;1.39;1.47;1.33;0.068;ROST
+1q;17.0;1.67;1.64;1.72;1.82;-0.081999995;ROST
0y;21.0;6.15;6.08;6.3;5.56;0.106000006;ROST
+1y;21.0;6.7;6.34;7.16;6.15;0.088999994;ROST
0q;18.0;12.48;11.11;13.33;11.73;0.064;URI
+1q;18.0;11.91;10.82;12.77;11.26;0.058000002;URI
0y;22.0;43.91;40.71;45.35;40.74;0.078;URI
+1y;22.0;47.46;43.6;50.92;43.91;0.081;URI
0q;11.0;1.26;1.19;1.33;0.99;0.273;OKE
+1q;9.0;1.35;1.15;1.55;1.18;0.144;OKE
0y;12.0;5.05;4.79;5.26;5.48;-0.078;OKE
+1y;9.0;5.66;5.42;6.2;5.05;0.12100001;OKE
0q;8.0;2.6;2.59;2.62;3.2;-0.188;PSA
+1q;8.0;2.55;2.46;2.59;2.21;0.154;PSA
0y;7.0;10.51;10.36;10.95;11.06;-0.05;PSA
+1y;9.0;10.62;10.27;11.2;10.51;0.01;PSA
0q;12.0;0.32;-0.12;0.91;;;GEV
+1q;12.0;2.36;1.35;3.01;;;GEV
0y;12.0;3.12;2.0;4.68;;;GEV
+1y;18.0;6.59;4.21;9.61;3.12;1.112;GEV
0q;18.0;1.25;1.23;1.27;1.05;0.19;JCI
+1q;12.0;0.61;0.48;0.72;0.51;0.19600001;JCI
0y;23.0;3.67;3.52;3.7;3.5;0.049000002;JCI
+1y;23.0;3.87;3.25;4.28;3.67;0.054;JCI
0q;19.0;3.22;1.95;4.29;0.81;2.975;ALL
+1q;16.0;5.17;4.29;6.36;5.82;-0.111999996;ALL
0y;21.0;15.11;13.45;17.4;0.95;14.905;ALL
+1y;21.0;18.11;15.76;21.2;15.11;0.199;ALL
0q;13.0;1.7;1.63;1.75;1.74;-0.023;KMB
+1q;13.0;1.61;1.56;1.67;1.51;0.066;KMB
0y;19.0;7.32;7.21;7.77;6.57;0.11399999;KMB
+1y;19.0;7.66;6.95;8.1;7.32;0.046;KMB
0q;9.0;0.92;0.84;0.96;0.77;0.195;D
+1q;9.0;0.64;0.59;0.76;0.29;1.207;D
0y;14.0;2.77;2.71;2.91;1.99;0.39200002;D
+1y;15.0;3.38;3.3;3.55;2.77;0.22;D
0q;20.0;2.81;2.77;2.87;2.49;0.129;IQV
+1q;20.0;3.21;3.06;3.4;2.84;0.13;IQV
0y;22.0;11.2;11.1;11.28;10.2;0.098000005;IQV
+1y;23.0;12.44;12.1;13.01;11.2;0.111;IQV
0q;18.0;1.94;1.92;1.97;1.78;0.09;TEL
+1q;16.0;1.9;1.78;1.98;1.84;0.033;TEL
0y;20.0;7.55;7.5;7.67;6.74;0.12;TEL
+1y;19.0;8.21;7.87;8.5;7.55;0.087;TEL
0q;6.0;0.37;0.36;0.37;0.34;0.088;CPRT
+1q;6.0;0.37;0.36;0.38;0.33;0.12100001;CPRT
0y;10.0;1.55;1.48;1.61;1.4;0.107;CPRT
+1y;10.0;1.74;1.68;1.81;1.55;0.123;CPRT
0q;19.0;0.43;0.35;0.46;1.62;-0.735;MCHP
+1q;19.0;0.47;0.4;0.54;1.08;-0.565;MCHP
0y;22.0;1.99;1.67;2.15;4.92;-0.59599996;MCHP
+1y;23.0;3.28;2.03;4.73;1.99;0.648;MCHP
0q;15.0;2.19;1.98;2.42;1.95;0.123;MET
+1q;15.0;2.32;2.24;2.48;1.93;0.202;MET
0y;14.0;8.61;8.32;9.0;7.33;0.175;MET
+1y;15.0;9.82;9.45;10.18;8.61;0.141;MET
0q;15.0;3.48;3.39;3.66;3.44;0.012;PRU
+1q;14.0;3.32;3.16;3.51;2.58;0.287;PRU
0y;15.0;13.33;13.1;13.62;11.62;0.147;PRU
+1y;15.0;14.66;14.44;14.95;13.33;0.1;PRU
0q;16.0;4.21;4.15;4.28;4.82;-0.127;LEN
+1q;13.0;2.56;2.07;3.11;2.57;-0.004;LEN
0y;19.0;14.44;14.0;14.93;13.73;0.051999997;LEN
+1y;20.0;16.17;15.51;17.18;14.44;0.12;LEN
0q;12.0;8.9;8.6;9.32;6.96;0.27899998;AMP
+1q;11.0;9.1;8.86;9.47;7.2;0.264;AMP
0y;14.0;35.11;34.4;37.34;28.86;0.21700001;AMP
+1y;14.0;38.18;36.27;40.5;35.11;0.087;AMP
0q;14.0;3.76;3.58;3.93;3.45;0.09;MSCI
+1q;14.0;3.88;3.75;4.05;3.68;0.054;MSCI
0y;17.0;14.83;14.5;15.21;13.52;0.096999995;MSCI
+1y;17.0;16.88;16.45;17.35;14.83;0.138;MSCI
0q;23.0;1.29;1.25;1.31;0.94;0.372;FIS
+1q;23.0;1.32;1.12;1.39;0.94;0.404;FIS
0y;23.0;5.1;5.06;5.33;3.37;0.513;FIS
+1y;27.0;5.63;5.5;5.78;5.1;0.103999995;FIS
0q;21.0;3.41;2.68;3.9;7.78;-0.56200004;HUM
+1q;21.0;-1.36;-1.79;-0.59;-0.11;-11.364;HUM
0y;24.0;16.17;15.99;17.25;26.09;-0.38;HUM
+1y;24.0;19.78;17.68;20.91;16.17;0.22299999;HUM
0q;17.0;1.41;1.38;1.43;1.38;0.022;A
+1q;11.0;1.37;1.34;1.41;1.29;0.062;A
0y;18.0;5.24;5.21;5.26;5.44;-0.037;A
+1y;18.0;5.65;5.46;6.05;5.24;0.078;A
0q;16.0;0.5;0.43;0.56;0.36;0.38900003;F
+1q;15.0;0.44;0.33;0.5;0.29;0.517;F
0y;21.0;1.91;1.74;2.43;2.01;-0.05;F
+1y;23.0;1.88;0.75;2.68;1.91;-0.016;F
0q;16.0;4.79;4.32;5.11;4.59;0.044;CMI
+1q;16.0;4.71;3.57;5.59;3.97;0.186;CMI
0y;16.0;19.81;18.78;20.73;19.15;0.034;CMI
+1y;20.0;21.88;19.55;25.01;19.81;0.103999995;CMI
0q;19.0;3.26;3.08;3.37;3.19;0.022;LHX
+1q;19.0;3.48;3.4;3.57;3.35;0.039;LHX
0y;21.0;13.04;12.71;13.2;12.36;0.055;LHX
+1y;21.0;14.27;13.8;14.74;13.04;0.094;LHX
0q;15.0;1.4;1.27;1.66;2.0;-0.3;CNC
+1q;15.0;0.7;0.51;0.85;0.45;0.556;CNC
0y;17.0;6.81;6.64;6.92;6.68;0.019;CNC
+1y;17.0;7.32;6.9;7.66;6.81;0.075;CNC
0q;14.0;9.98;9.77;10.13;9.43;0.058000002;GWW
+1q;14.0;9.35;8.89;9.75;8.33;0.122;GWW
0y;16.0;38.72;38.16;39.25;36.67;0.055999998;GWW
+1y;17.0;42.1;40.36;43.6;38.72;0.087;GWW
0q;14.0;1.13;1.12;1.17;1.08;0.046;PAYX
+1q;14.0;1.48;1.44;1.51;1.38;0.072;PAYX
0y;15.0;4.99;4.93;5.05;4.72;0.056999996;PAYX
+1y;15.0;5.28;5.19;5.37;4.99;0.058000002;PAYX
0q;15.0;3.2;3.11;3.25;2.86;0.118999995;COR
+1q;10.0;3.51;3.43;3.65;3.28;0.07;COR
0y;18.0;13.63;13.53;13.67;11.99;0.137;COR
+1y;18.0;14.81;14.6;15.19;13.63;0.087;COR
0q;11.0;0.93;0.8;1.03;0.85;0.094;PEG
+1q;11.0;0.8;0.72;0.91;0.54;0.48099998;PEG
0y;20.0;3.66;3.61;3.7;3.48;0.051999997;PEG
+1y;20.0;4.1;3.88;4.34;3.66;0.12;PEG
0q;19.0;1.62;1.47;1.7;1.54;0.051999997;RSG
+1q;19.0;1.5;1.41;1.67;1.41;0.064;RSG
0y;21.0;6.18;6.14;6.27;5.61;0.102;RSG
+1y;21.0;6.87;6.65;7.17;6.18;0.111999996;RSG
0q;11.0;0.27;0.24;0.3;0.24;0.125;KMI
+1q;11.0;0.33;0.3;0.38;0.27;0.222;KMI
0y;13.0;1.2;1.14;1.33;1.06;0.132;KMI
+1y;13.0;1.26;1.1;1.38;1.2;0.05;KMI
0q;9.0;2.68;2.64;2.71;2.53;0.059;IDXX
+1q;9.0;2.52;2.48;2.56;2.32;0.086;IDXX
0y;13.0;10.57;10.42;11.15;10.06;0.051;IDXX
+1y;14.0;12.24;11.31;12.76;10.57;0.158;IDXX
0q;17.0;3.31;3.19;3.45;3.19;0.038;STZ
+1q;17.0;2.51;2.39;2.59;2.26;0.111;STZ
0y;21.0;13.73;13.6;14.2;12.06;0.138;STZ
+1y;21.0;15.18;14.66;15.85;13.73;0.106000006;STZ
0q;9.0;0.3;0.23;0.36;0.24;0.25;PCG
+1q;9.0;0.37;0.32;0.47;0.47;-0.213;PCG
0y;13.0;1.36;1.34;1.38;1.23;0.106000006;PCG
+1y;13.0;1.48;1.43;1.53;1.36;0.088;PCG
0q;12.0;6.4;5.96;6.86;5.01;0.277;FICO
+1q;12.0;6.13;5.53;6.77;4.81;0.274;FICO
0y;14.0;23.74;23.16;25.56;19.71;0.204;FICO
+1y;14.0;29.78;27.22;32.13;23.74;0.254;FICO
0q;12.0;0.51;0.5;0.52;0.52;-0.019;FAST
+1q;12.0;0.48;0.47;0.5;0.46;0.043;FAST
0y;17.0;2.03;2.0;2.09;2.02;0.005;FAST
+1y;17.0;2.19;2.03;2.32;2.03;0.079;FAST
0q;16.0;1.22;1.17;1.25;1.25;-0.024;GIS
+1q;16.0;1.16;1.12;1.21;1.17;-0.009;GIS
0y;17.0;4.51;4.47;4.55;4.52;-0.002;GIS
+1y;18.0;4.7;4.5;4.84;4.51;0.042;GIS
0q;19.0;0.83;0.41;1.42;1.18;-0.29700002;OXY
+1q;19.0;0.78;0.41;1.47;0.74;0.054;OXY
0y;23.0;3.41;2.48;4.4;3.69;-0.076;OXY
+1y;24.0;3.51;1.1;5.7;3.41;0.029000001;OXY
0q;13.0;2.03;1.52;2.63;1.64;0.23799999;HES
+1q;13.0;2.04;1.36;2.73;1.63;0.252;HES
0y;16.0;9.89;8.88;12.19;5.05;0.958;HES
+1y;16.0;9.23;3.5;14.59;9.89;-0.067;HES
0q;9.0;2.38;2.19;2.71;2.56;-0.07;IT
+1q;9.0;3.15;2.79;3.42;3.04;0.036;IT
0y;10.0;11.68;11.31;11.86;11.33;0.031;IT
+1y;10.0;13.08;12.59;13.9;11.68;0.12;IT
0q;9.0;0.96;0.95;0.98;0.95;0.011;OTIS
+1q;9.0;0.97;0.95;0.99;0.87;0.115;OTIS
0y;14.0;3.86;3.72;3.91;3.54;0.09;OTIS
+1y;12.0;4.22;4.07;4.34;3.86;0.093;OTIS
0q;20.0;1.15;1.1;1.25;1.16;-0.009;CTSH
+1q;18.0;1.19;1.14;1.25;1.18;0.008;CTSH
0y;25.0;4.63;4.59;4.73;4.55;0.018;CTSH
+1y;26.0;4.98;4.8;5.34;4.63;0.076;CTSH
0q;19.0;0.61;0.56;0.64;0.42;0.45200002;BKR
+1q;19.0;0.65;0.63;0.7;0.51;0.275;BKR
0y;23.0;2.21;1.21;2.37;1.6;0.38099998;BKR
+1y;23.0;2.62;1.52;2.94;2.21;0.186;BKR
0q;9.0;0.68;0.66;0.76;0.67;0.015;EXC
+1q;9.0;0.61;0.54;0.64;0.6;0.017;EXC
0y;15.0;2.45;2.42;2.47;2.38;0.029000001;EXC
+1y;15.0;2.63;2.53;2.75;2.45;0.073;EXC
0q;24.0;1.42;1.37;1.46;1.44;-0.0139999995;YUM
+1q;24.0;1.73;1.58;1.92;1.26;0.373;YUM
0y;26.0;5.64;5.47;5.8;5.17;0.091000006;YUM
+1y;28.0;6.3;5.88;6.52;5.64;0.117;YUM
0q;26.0;0.64;0.54;0.7;0.59;0.085;EW
+1q;25.0;0.63;0.56;0.72;0.64;-0.016;EW
0y;29.0;2.61;2.2;2.8;2.51;0.04;EW
+1y;31.0;2.65;2.3;3.11;2.61;0.015;EW
0q;14.0;1.13;1.1;1.17;1.07;0.055999998;SYY
+1q;13.0;0.96;0.92;1.03;0.89;0.079;SYY
0y;17.0;4.6;4.57;4.71;4.31;0.067;SYY
+1y;17.0;4.98;4.9;5.21;4.6;0.083000004;SYY
0q;18.0;0.45;0.38;0.52;0.48;-0.062;DOW
+1q;19.0;0.54;0.4;0.75;0.43;0.256;DOW
0y;17.0;2.23;2.1;2.45;2.24;-0.004;DOW
+1y;21.0;3.55;2.87;4.7;2.23;0.592;DOW
0q;10.0;3.96;3.93;3.98;3.08;0.286;MPWR
+1q;10.0;3.98;3.81;4.32;2.88;0.382;MPWR
0y;11.0;13.99;13.72;14.79;11.78;0.188;MPWR
+1y;11.0;17.43;15.77;19.0;13.99;0.246;MPWR
0q;9.0;1.49;1.35;1.97;4.57;-0.674;NUE
+1q;10.0;1.49;1.05;2.02;3.16;-0.528;NUE
0y;13.0;9.27;8.64;10.15;18.0;-0.485;NUE
+1y;13.0;10.75;7.3;13.28;9.27;0.16;NUE
0q;14.0;1.6;1.57;1.65;1.52;0.053000003;VRSK
+1q;14.0;1.59;1.56;1.67;1.4;0.136;VRSK
0y;16.0;6.56;6.32;6.86;5.71;0.14899999;VRSK
+1y;17.0;7.27;7.08;7.9;6.56;0.108;VRSK
0q;17.0;-0.3;-0.4;-0.23;-0.23;-0.304;CTVA
+1q;17.0;0.25;0.11;0.34;0.15;0.667;CTVA
0y;22.0;2.68;2.6;2.8;2.69;-0.004;CTVA
+1y;22.0;3.3;2.86;3.55;2.68;0.231;CTVA
0q;18.0;8.67;7.7;9.6;8.25;0.051;CHTR
+1q;16.0;9.16;7.82;10.05;7.07;0.296;CHTR
0y;23.0;33.77;30.5;36.35;29.99;0.126;CHTR
+1y;23.0;35.11;29.46;42.73;33.77;0.04;CHTR
0q;20.0;0.65;0.63;0.69;0.46;0.413;HWM
+1q;20.0;0.69;0.64;0.72;0.53;0.30200002;HWM
0y;21.0;2.59;2.53;2.65;1.84;0.408;HWM
+1y;22.0;3.12;2.83;3.43;2.59;0.205;HWM
0q;16.0;2.69;2.45;2.85;2.24;0.201;PWR
+1q;16.0;2.61;2.42;2.84;2.04;0.27899998;PWR
0y;19.0;8.63;8.48;8.99;7.16;0.205;PWR
+1y;20.0;10.2;9.42;11.32;8.63;0.18200001;PWR
0q;29.0;0.51;0.5;0.53;0.41;0.244;FTNT
+1q;33.0;0.52;0.49;0.6;0.51;0.02;FTNT
0y;31.0;2.03;2.0;2.08;1.63;0.245;FTNT
+1y;37.0;2.25;1.99;2.62;2.03;0.108;FTNT
0q;13.0;1.62;1.59;1.65;1.64;-0.012;AME
+1q;13.0;1.83;1.77;1.9;1.68;0.088999994;AME
0y;15.0;6.76;6.7;6.84;6.38;0.06;AME
+1y;15.0;7.28;7.1;7.6;6.76;0.077;AME
0q;13.0;0.82;0.79;0.84;0.77;0.065;IR
+1q;13.0;0.89;0.87;0.92;0.86;0.035;IR
0y;14.0;3.32;3.28;3.38;2.96;0.122;IR
+1y;14.0;3.63;3.45;3.81;3.32;0.093;IR
0q;17.0;0.43;0.4;0.45;0.41;0.049000002;MNST
+1q;16.0;0.41;0.38;0.44;0.38;0.079;MNST
0y;23.0;1.68;1.62;1.76;1.56;0.077;MNST
+1y;23.0;1.91;1.75;2.0;1.68;0.137;MNST
0q;20.0;1.43;1.39;1.56;1.54;-0.071;ODFL
+1q;19.0;1.31;1.23;1.5;1.47;-0.109;ODFL
0y;22.0;5.6;5.42;6.15;5.63;-0.005;ODFL
+1y;23.0;6.34;5.52;7.15;5.6;0.132;ODFL
0q;16.0;6.58;5.83;7.69;6.94;-0.051999997;MLM
+1q;16.0;4.79;3.95;5.46;4.63;0.035;MLM
0y;11.0;18.25;16.92;19.59;19.32;-0.055;MLM
+1y;19.0;21.74;19.4;24.2;18.25;0.191;MLM
0q;18.0;2.02;1.81;2.15;1.46;0.384;EA
+1q;17.0;3.47;3.15;3.71;2.96;0.172;EA
0y;24.0;7.57;6.25;8.0;6.92;0.094;EA
+1y;24.0;8.31;7.3;9.48;7.57;0.098000005;EA
0q;16.0;1.9;1.29;2.29;2.31;-0.177;ACGL
+1q;13.0;2.28;1.78;2.5;2.49;-0.084;ACGL
0y;16.0;9.17;8.72;9.51;8.45;0.085;ACGL
+1y;16.0;9.1;8.38;10.3;9.17;-0.008;ACGL
0q;17.0;2.43;2.16;2.85;2.29;0.061;VMC
+1q;17.0;1.92;1.61;2.49;1.46;0.315;VMC
0y;22.0;7.55;7.1;8.6;7.0;0.079;VMC
+1y;22.0;9.19;8.34;10.27;7.55;0.21700001;VMC
0q;16.0;0.98;0.92;1.02;0.95;0.032;KR
+1q;16.0;1.12;1.08;1.17;1.34;-0.16399999;KR
0y;18.0;4.46;4.38;4.5;4.76;-0.063;KR
+1y;19.0;4.58;3.77;4.75;4.46;0.027;KR
0q;15.0;0.51;0.5;0.51;0.48;0.063;KDP
+1q;15.0;0.58;0.58;0.59;0.55;0.055;KDP
0y;17.0;1.92;1.91;1.93;1.79;0.073;KDP
+1y;17.0;2.07;2.02;2.14;1.92;0.078;KDP
0q;10.0;0.28;0.26;0.3;0.31;-0.096999995;KVUE
+1q;10.0;0.26;0.25;0.29;0.31;-0.161;KVUE
0y;13.0;1.14;1.11;1.2;1.29;-0.116000004;KVUE
+1y;13.0;1.24;1.19;1.28;1.14;0.088;KVUE
0q;25.0;4.34;3.24;5.34;5.49;-0.20899999;FANG
+1q;24.0;4.39;3.21;8.55;4.74;-0.074;FANG
0y;26.0;17.68;14.64;22.92;18.01;-0.018;FANG
+1y;27.0;17.49;13.18;22.54;17.68;-0.011;FANG
0q;12.0;1.06;0.99;1.1;0.99;0.071;GEHC
+1q;11.0;1.29;1.19;1.32;1.18;0.093;GEHC
0y;15.0;4.25;4.17;4.32;3.93;0.081;GEHC
+1y;15.0;4.74;4.52;4.87;4.25;0.115;GEHC
0q;16.0;5.01;4.92;5.26;3.85;0.301;RCL
+1q;16.0;1.55;1.47;1.76;1.25;0.24;RCL
0y;20.0;11.54;11.17;11.99;6.77;0.705;RCL
+1y;22.0;13.46;12.03;14.2;11.54;0.16600001;RCL
0q;16.0;1.03;1.01;1.05;0.92;0.12;DD
+1q;16.0;0.98;0.93;1.03;0.87;0.126;DD
0y;18.0;3.77;3.7;3.84;3.48;0.083000004;DD
+1y;18.0;4.34;3.76;4.5;3.77;0.15100001;DD
0q;16.0;1.83;1.77;1.93;1.76;0.04;EFX
+1q;16.0;2.2;2.12;2.26;1.81;0.215;EFX
0y;21.0;7.35;7.22;7.49;6.71;0.095;EFX
+1y;21.0;9.63;8.65;11.5;7.35;0.31;EFX
0q;11.0;1.59;1.13;1.8;1.62;-0.019;ED
+1q;11.0;0.95;0.64;1.18;1.0;-0.05;ED
0y;17.0;5.3;5.2;5.36;5.07;0.045;ED
+1y;19.0;5.62;5.57;5.68;5.3;0.06;ED
0q;15.0;3.39;2.77;3.87;2.59;0.309;DFS
+1q;15.0;2.75;1.6;4.55;1.54;0.786;DFS
0y;17.0;13.54;11.55;15.55;11.26;0.202;DFS
+1y;18.0;12.69;10.0;14.2;13.54;-0.063;DFS
0q;7.0;1.13;1.05;1.2;0.96;0.177;EXR
+1q;7.0;1.1;1.04;1.17;1.02;0.078;EXR
0y;8.0;4.28;3.95;5.56;4.74;-0.096999995;EXR
+1y;8.0;4.8;4.29;5.69;4.28;0.12100001;EXR
0q;13.0;0.75;0.67;0.91;0.34;1.206;SMCI
+1q;13.0;0.83;0.76;0.91;0.56;0.482;SMCI
0y;15.0;3.37;2.84;3.7;2.21;0.525;SMCI
+1y;13.0;4.3;3.79;5.0;3.37;0.276;SMCI
0q;7.0;1.06;1.01;1.11;0.72;0.472;CBRE
+1q;7.0;2.14;1.97;2.21;1.38;0.551;CBRE
0y;8.0;4.82;4.76;4.85;3.84;0.255;CBRE
+1y;8.0;5.92;5.65;6.32;4.82;0.22799999;CBRE
0q;20.0;2.52;2.2;2.86;2.29;0.1;HIG
+1q;18.0;2.75;2.35;2.92;3.06;-0.101;HIG
0y;20.0;10.11;9.54;10.47;8.88;0.139;HIG
+1y;20.0;11.57;10.82;12.5;10.11;0.144;HIG
0q;11.0;10.01;9.94;10.34;9.8;0.021;MTD
+1q;10.0;11.86;11.81;11.89;9.4;0.262;MTD
0y;13.0;40.41;40.16;40.85;38.03;0.063;MTD
+1y;13.0;44.14;43.3;45.54;40.41;0.092;MTD
0q;9.0;1.33;1.25;1.45;1.23;0.081;XEL
+1q;9.0;0.82;0.73;0.88;0.87;-0.056999996;XEL
0y;15.0;3.56;3.54;3.6;3.4;0.047;XEL
+1y;15.0;3.84;3.76;3.93;3.56;0.079;XEL
0q;5.0;0.48;0.44;0.54;0.45;0.067;IRM
+1q;5.0;0.56;0.52;0.61;0.52;0.077;IRM
0y;6.0;1.89;1.82;2.0;1.82;0.038;IRM
+1y;6.0;2.11;1.97;2.4;1.89;0.116000004;IRM
0q;9.0;0.67;0.66;0.67;0.55;0.218;VICI
+1q;9.0;0.67;0.66;0.68;0.72;-0.069;VICI
0y;9.0;2.62;2.6;2.63;2.47;0.061;VICI
+1y;9.0;2.73;2.67;2.76;2.62;0.042;VICI
0q;15.0;1.11;1.09;1.12;0.99;0.12100001;XYL
+1q;15.0;1.16;1.13;1.21;0.99;0.172;XYL
0y;18.0;4.26;4.22;4.32;3.78;0.127;XYL
+1y;19.0;4.81;4.64;5.02;4.26;0.129;XYL
0q;8.0;2.04;1.99;2.12;1.64;0.244;RMD
+1q;8.0;2.27;2.21;2.34;1.88;0.207;RMD
0y;12.0;9.12;8.86;9.42;7.72;0.18100001;RMD
+1y;12.0;10.0;9.64;10.45;9.12;0.096;RMD
0q;13.0;0.16;0.15;0.19;0.3;-0.467;CSGP
+1q;13.0;0.24;0.23;0.25;0.33;-0.273;CSGP
0y;13.0;0.66;0.65;0.68;1.22;-0.45900002;CSGP
+1y;13.0;1.23;1.0;1.57;0.66;0.864;CSGP
0q;9.0;1.43;1.35;1.57;1.38;0.036;EIX
+1q;9.0;1.17;1.11;1.24;1.28;-0.086;EIX
0y;15.0;4.95;4.82;5.05;4.76;0.04;EIX
+1y;16.0;5.61;5.33;5.76;4.95;0.133;EIX
0q;16.0;-1.83;-2.69;-0.76;-9.53;0.808;MRNA
+1q;16.0;-1.46;-2.25;0.3;0.55;-3.655;MRNA
0y;23.0;-9.61;-11.0;-7.2;-12.33;0.221;MRNA
+1y;23.0;-8.15;-9.57;-5.63;-9.61;0.152;MRNA
0q;12.0;0.93;0.87;0.94;0.9;0.033;HPQ
+1q;10.0;0.86;0.81;0.92;0.81;0.062;HPQ
0y;15.0;3.38;3.33;3.42;3.28;0.03;HPQ
+1y;15.0;3.6;3.42;3.77;3.38;0.065;HPQ
0q;12.0;0.52;0.5;0.54;0.45;0.156;GLW
+1q;12.0;0.52;0.49;0.56;0.39;0.333;GLW
0y;15.0;1.91;1.87;1.97;1.7;0.124;GLW
+1y;15.0;2.28;2.0;2.4;1.91;0.19399999;GLW
0q;27.0;0.97;0.95;1.0;1.39;-0.30200002;ON
+1q;27.0;1.01;0.94;1.11;1.25;-0.192;ON
0y;30.0;4.01;3.93;4.14;5.16;-0.22299999;ON
+1y;30.0;4.72;3.5;6.21;4.01;0.177;ON
0q;19.0;2.41;2.33;2.54;3.64;-0.338;ROK
+1q;12.0;2.1;1.84;2.27;2.04;0.029000001;ROK
0y;27.0;9.68;9.4;10.34;12.12;-0.201;ROK
+1y;26.0;10.68;9.31;12.11;9.68;0.103;ROK
0q;24.0;3.8;3.38;4.45;4.36;-0.128;BIIB
+1q;24.0;3.4;2.61;4.01;3.3;0.03;BIIB
0y;26.0;16.16;15.89;16.73;14.72;0.098000005;BIIB
+1y;28.0;17.1;13.82;20.0;16.16;0.058000002;BIIB
0q;13.0;1.52;1.26;1.77;0.97;0.56700003;TRGP
+1q;13.0;1.72;1.4;2.01;1.26;0.365;TRGP
0y;17.0;5.69;4.02;6.32;3.75;0.517;TRGP
+1y;17.0;7.85;5.42;15.17;5.69;0.38;TRGP
0q;11.0;1.49;1.21;2.76;1.21;0.231;AVB
+1q;11.0;1.4;1.3;1.82;1.7;-0.176;AVB
0y;11.0;5.83;5.02;7.59;6.56;-0.111;AVB
+1y;11.0;5.56;5.35;5.96;5.83;-0.046;AVB
0q;9.0;1.34;1.15;1.51;1.63;-0.17799999;ADM
+1q;9.0;1.48;1.22;1.72;1.36;0.088;ADM
0y;12.0;5.33;5.0;5.64;6.98;-0.236;ADM
+1y;12.0;5.39;4.75;5.79;5.33;0.011;ADM
0q;22.0;0.76;0.74;0.77;0.72;0.055999998;HAL
+1q;22.0;0.81;0.76;0.86;0.86;-0.058000002;HAL
0y;21.0;3.15;3.02;3.43;3.13;0.006;HAL
+1y;25.0;3.49;3.18;4.02;3.15;0.108;HAL
0q;18.0;2.67;1.68;2.85;2.24;0.192;WTW
+1q;17.0;7.88;6.05;8.3;7.44;0.059;WTW
0y;18.0;16.5;16.02;16.8;14.49;0.139;WTW
+1y;19.0;18.34;17.2;19.43;16.5;0.111999996;WTW
0q;20.0;2.15;2.11;2.21;2.07;0.039;PPG
+1q;20.0;1.7;1.63;1.78;1.53;0.111;PPG
0y;25.0;8.23;8.13;8.35;7.67;0.073;PPG
+1y;25.0;9.04;8.58;9.95;8.23;0.098000005;PPG
0q;24.0;1.13;0.99;1.35;1.65;-0.315;DVN
+1q;16.0;1.23;1.0;1.54;1.41;-0.128;DVN
0y;17.0;5.07;4.65;5.89;5.71;-0.111999996;DVN
+1y;17.0;5.16;3.87;7.98;5.07;0.018;DVN
0q;24.0;2.69;2.22;2.78;2.53;0.063;LULU
+1q;24.0;5.59;4.88;5.77;5.29;0.056999996;LULU
0y;28.0;13.95;12.89;14.16;12.77;0.092;LULU
+1y;28.0;14.89;12.0;15.74;13.95;0.067;LULU
0q;11.0;2.86;2.83;2.91;2.72;0.051;CDW
+1q;11.0;2.69;2.63;2.8;2.57;0.047;CDW
0y;11.0;9.96;9.91;10.05;9.88;0.008;CDW
+1y;11.0;10.91;10.63;11.07;9.96;0.095;CDW
0q;20.0;2.68;2.45;3.12;2.6;0.031;HSY
+1q;20.0;2.43;2.0;2.71;2.02;0.203;HSY
0y;23.0;9.46;9.3;9.55;9.59;-0.0139999995;HSY
+1y;23.0;9.26;8.65;9.84;9.46;-0.021;HSY
0q;21.0;1.18;1.15;1.24;1.03;0.146;EBAY
+1q;19.0;1.22;1.15;1.25;1.07;0.14;EBAY
0y;27.0;4.82;4.69;4.92;4.24;0.137;EBAY
+1y;28.0;5.18;4.29;5.42;4.82;0.075;EBAY
0q;16.0;0.74;0.72;0.77;0.72;0.027999999;KHC
+1q;16.0;0.81;0.78;0.83;0.72;0.125;KHC
0y;18.0;3.02;2.97;3.04;2.77;0.09;KHC
+1y;19.0;3.16;3.04;3.28;3.02;0.046;KHC
0q;20.0;0.83;0.81;0.85;0.91;-0.088;FITB
+1q;20.0;0.88;0.82;0.92;0.96;-0.083000004;FITB
0y;20.0;3.23;3.15;3.33;3.46;-0.066;FITB
+1y;21.0;3.61;3.47;3.79;3.23;0.118;FITB
0q;6.0;1.84;1.8;1.87;1.66;0.108;AWK
+1q;6.0;1.08;1.03;1.13;0.88;0.22700001;AWK
0y;10.0;5.27;5.2;5.31;4.9;0.076;AWK
+1y;13.0;5.69;5.66;5.77;5.27;0.08;AWK
0q;15.0;0.69;0.65;0.73;0.71;-0.027999999;NDAQ
+1q;15.0;0.74;0.71;0.78;0.72;0.027999999;NDAQ
0y;17.0;2.75;2.7;2.81;2.82;-0.025;NDAQ
+1y;17.0;3.11;3.04;3.24;2.75;0.131;NDAQ
0q;18.0;3.64;3.51;3.76;3.98;-0.085;MTB
+1q;18.0;3.71;3.51;3.83;3.61;0.027999999;MTB
0y;19.0;14.2;13.9;15.18;16.67;-0.148;MTB
+1y;20.0;16.09;15.2;17.05;14.2;0.133;MTB
0q;9.0;0.7;0.7;0.71;1.0;-0.3;WEC
+1q;10.0;1.49;1.16;1.58;1.1;0.355;WEC
0y;15.0;4.87;4.84;4.9;4.63;0.051999997;WEC
+1y;16.0;5.22;5.15;5.26;4.87;0.072;WEC
0q;20.0;0.43;0.4;0.48;0.5;-0.14;DXCM
+1q;20.0;0.52;0.45;0.57;0.5;0.04;DXCM
0y;22.0;1.7;1.6;1.75;1.52;0.118;DXCM
+1y;22.0;2.01;1.82;2.21;1.7;0.18200001;DXCM
0q;28.0;2.23;2.13;2.31;2.33;-0.043;TSCO
+1q;28.0;2.29;2.11;2.39;2.28;0.004;TSCO
0y;33.0;10.28;10.0;10.46;10.09;0.019;TSCO
+1y;32.0;11.22;10.0;11.64;10.28;0.091000006;TSCO
0q;15.0;3.13;2.96;3.34;2.9;0.079;PHM
+1q;15.0;3.38;3.09;3.63;3.28;0.03;PHM
0y;14.0;13.4;13.12;13.82;11.72;0.143;PHM
+1y;17.0;13.65;12.55;14.47;13.4;0.019;PHM
0q;6.0;131.52;127.0;139.55;125.26;0.05;NVR
+1q;6.0;130.98;120.29;137.2;121.56;0.077;NVR
0y;6.0;499.16;485.0;511.21;463.31;0.077;NVR
+1y;6.0;527.99;512.0;554.6;499.16;0.058000002;NVR
0q;9.0;1.89;1.84;1.99;1.7;0.111999996;WAB
+1q;9.0;1.72;1.67;1.79;1.54;0.117;WAB
0y;10.0;7.48;7.4;7.58;5.92;0.264;WAB
+1y;10.0;8.43;8.22;8.62;7.48;0.127;WAB
0q;15.0;1.71;1.41;1.91;1.28;0.336;DAL
+1q;5.0;0.69;0.58;0.78;0.45;0.533;DAL
0y;19.0;6.09;5.47;7.14;6.25;-0.025999999;DAL
+1y;20.0;7.07;2.55;7.88;6.09;0.161;DAL
0q;8.0;1.72;1.45;2.1;1.41;0.22;ANSS
+1q;8.0;4.29;4.08;4.49;3.94;0.088999994;ANSS
0y;9.0;9.85;9.47;10.34;8.8;0.118999995;ANSS
+1y;8.0;10.71;10.0;11.6;9.85;0.087;ANSS
0q;9.0;2.99;2.63;3.27;3.27;-0.086;ETR
+1q;10.0;1.2;0.87;1.6;0.52;1.3080001;ETR
0y;19.0;7.21;7.15;7.27;6.77;0.065;ETR
+1y;19.0;7.73;7.62;7.86;7.21;0.072;ETR
0q;23.0;0.95;0.78;1.11;1.26;-0.246;DG
+1q;23.0;1.54;1.25;1.69;1.83;-0.158;DG
0y;31.0;5.84;5.5;6.13;7.55;-0.22600001;DG
+1y;31.0;6.3;5.28;7.39;5.84;0.079;DG
0q;6.0;1.44;1.38;1.49;1.41;0.021;GRMN
+1q;6.0;1.62;1.54;1.68;1.72;-0.058000002;GRMN
0y;8.0;6.07;6.0;6.22;5.59;0.086;GRMN
+1y;8.0;6.62;6.23;6.84;6.07;0.091000006;GRMN
0q;9.0;1.79;1.63;1.95;1.44;0.24299999;DTE
+1q;8.0;1.83;1.75;1.99;1.97;-0.071;DTE
0y;13.0;6.69;6.63;6.75;5.73;0.168;DTE
+1y;14.0;7.2;7.14;7.3;6.69;0.076;DTE
0q;16.0;1.78;1.73;1.8;1.58;0.127;NTAP
+1q;16.0;1.85;1.78;1.89;1.94;-0.046;NTAP
0y;18.0;7.11;7.02;7.15;6.46;0.101;NTAP
+1y;17.0;7.59;7.16;8.0;7.11;0.068;NTAP
0q;15.0;2.41;2.22;2.46;2.35;0.025999999;DOV
+1q;15.0;2.4;2.22;2.47;2.45;-0.02;DOV
0y;14.0;9.15;8.95;9.24;8.8;0.04;DOV
+1y;15.0;9.72;9.0;10.12;9.15;0.062;DOV
0q;14.0;2.12;2.02;2.26;1.93;0.098000005;STT
+1q;13.0;2.22;2.07;2.42;2.04;0.088;STT
0y;12.0;8.21;7.95;8.38;7.66;0.072;STT
+1y;15.0;9.12;8.53;10.05;8.21;0.111;STT
0q;5.0;0.95;0.9;1.05;1.09;-0.128;BR
+1q;5.0;1.26;1.09;1.49;0.92;0.37;BR
0y;5.0;8.5;8.45;8.56;7.73;0.1;BR
+1y;5.0;9.34;9.22;9.51;8.5;0.099;BR
0q;15.0;1.07;0.97;1.13;0.89;0.202;IFF
+1q;15.0;0.85;0.69;0.95;0.72;0.18100001;IFF
0y;20.0;4.27;3.95;4.65;3.34;0.278;IFF
+1y;20.0;4.66;4.19;5.45;4.27;0.091000006;IFF
0q;28.0;3.13;3.04;3.85;2.75;0.138;GPN
+1q;28.0;3.03;2.89;3.83;2.65;0.143;GPN
0y;33.0;11.59;10.67;11.72;10.42;0.111999996;GPN
+1y;34.0;12.89;11.76;13.42;11.59;0.111999996;GPN
0q;11.0;2.3;2.16;2.44;2.17;0.06;TROW
+1q;10.0;2.17;1.95;2.33;1.72;0.262;TROW
0y;14.0;9.12;8.76;9.29;7.59;0.202;TROW
+1y;14.0;9.18;8.42;9.75;9.12;0.0069999998;TROW
0q;15.0;1.62;1.54;1.76;1.73;-0.064;CAH
+1q;15.0;1.81;1.75;1.88;1.82;-0.005;CAH
0y;18.0;7.63;7.58;7.68;7.53;0.012999999;CAH
+1y;17.0;8.45;7.86;8.7;7.63;0.107;CAH
0q;18.0;2.04;1.65;2.5;2.46;-0.171;LYB
+1q;18.0;1.72;1.17;2.15;1.39;0.237;LYB
0y;19.0;7.66;6.95;8.41;8.78;-0.128;LYB
+1y;20.0;9.28;8.45;10.3;7.66;0.21100001;LYB
0q;3.0;0.99;0.69;1.41;1.25;-0.20799999;VST
+1q;3.0;1.29;0.84;1.61;-0.55;3.345;VST
0y;9.0;4.82;2.76;5.9;3.58;0.346;VST
+1y;9.0;6.96;5.28;9.67;4.82;0.444;VST
0q;12.0;2.26;2.16;2.35;0.8;1.825;SBAC
+1q;12.0;2.18;1.93;2.31;1.01;1.158;SBAC
0y;13.0;7.29;6.25;7.49;4.61;0.581;SBAC
+1y;13.0;9.0;7.31;10.12;7.29;0.235;SBAC
0q;16.0;0.93;0.91;0.94;0.85;0.094;FTV
+1q;16.0;1.13;1.08;1.15;0.98;0.153;FTV
0y;17.0;3.82;3.75;3.84;3.43;0.11399999;FTV
+1y;18.0;4.16;4.0;4.3;3.82;0.088999994;FTV
0q;7.0;2.13;2.1;2.18;2.03;0.049000002;STE
+1q;7.0;2.34;2.26;2.38;2.22;0.054;STE
0y;8.0;9.16;9.12;9.2;8.83;0.037;STE
+1y;8.0;10.07;9.83;10.2;9.16;0.099;STE
0q;14.0;0.56;0.52;0.58;0.52;0.077;HPE
+1q;13.0;0.49;0.43;0.53;0.48;0.021;HPE
0y;17.0;1.96;1.92;1.98;2.15;-0.088;HPE
+1y;17.0;2.1;1.99;2.2;1.96;0.071;HPE
0q;19.0;0.68;0.67;0.73;0.74;-0.081;CHD
+1q;18.0;0.86;0.81;0.91;0.65;0.32299998;CHD
0y;24.0;3.43;3.39;3.46;3.17;0.081999995;CHD
+1y;24.0;3.73;3.62;3.94;3.43;0.087;CHD
0q;11.0;0.41;0.35;0.51;0.45;-0.088999994;EQR
+1q;11.0;0.44;0.38;0.53;0.82;-0.463;EQR
0y;8.0;2.1;1.94;2.28;2.2;-0.045;EQR
+1y;11.0;1.69;1.44;2.09;2.1;-0.195;EQR
0q;18.0;2.43;2.39;2.5;2.14;0.136;TYL
+1q;18.0;2.34;2.26;2.43;1.89;0.23799999;TYL
0y;19.0;9.37;9.27;9.43;7.8;0.201;TYL
+1y;19.0;10.6;9.81;11.33;9.37;0.131;TYL
0q;13.0;0.87;0.84;0.91;0.71;0.225;BRO
+1q;12.0;0.75;0.71;0.8;0.58;0.29299998;BRO
0y;15.0;3.72;3.62;3.8;2.81;0.324;BRO
+1y;15.0;4.03;3.91;4.2;3.72;0.083000004;BRO
0q;25.0;3.13;2.77;3.31;2.5;0.252;FSLR
+1q;25.0;4.86;4.35;5.16;3.25;0.495;FSLR
0y;35.0;13.52;12.8;14.43;7.74;0.747;FSLR
+1y;35.0;21.36;15.05;23.79;13.52;0.58;FSLR
0q;26.0;1.74;1.63;1.96;1.65;0.055;ZBH
+1q;25.0;2.27;2.19;2.35;2.2;0.032;ZBH
0y;28.0;7.97;7.82;8.14;7.55;0.055999998;ZBH
+1y;28.0;8.58;8.28;8.9;7.97;0.077;ZBH
0q;19.0;1.22;1.13;1.33;1.14;0.07;DECK
+1q;19.0;2.55;2.28;2.72;2.52;0.012;DECK
0y;22.0;5.32;5.08;5.66;4.86;0.095;DECK
+1y;22.0;6.03;5.39;7.04;5.32;0.133;DECK
0q;11.0;1.57;1.56;1.59;1.99;-0.21100001;KEYS
+1q;10.0;1.58;1.37;1.69;1.63;-0.031;KEYS
0y;12.0;6.18;6.16;6.2;8.33;-0.258;KEYS
+1y;12.0;6.97;6.54;7.33;6.18;0.128;KEYS
0q;11.0;0.85;0.81;0.88;0.75;0.133;VLTO
+1q;11.0;0.9;0.88;0.93;0.87;0.034;VLTO
0y;14.0;3.44;3.42;3.51;3.19;0.078;VLTO
+1y;14.0;3.73;3.56;3.9;3.44;0.084;VLTO
0q;8.0;0.04;-0.01;0.08;0.33;-0.879;WY
+1q;8.0;0.07;0.04;0.12;0.16;-0.56200004;WY
0y;9.0;0.53;0.42;0.83;1.02;-0.48;WY
+1y;9.0;0.97;0.7;1.2;0.53;0.83;WY
0q;10.0;1.02;0.85;1.16;0.97;0.051999997;ES
+1q;11.0;1.1;0.94;1.28;1.36;-0.191;ES
0y;18.0;4.57;4.5;4.67;4.93;-0.073;ES
+1y;18.0;4.81;4.69;4.9;4.57;0.053000003;ES
0q;17.0;0.42;0.35;0.45;1.22;-0.65599996;TTWO
+1q;17.0;0.98;0.54;1.47;0.71;0.38;TTWO
0y;20.0;2.52;2.25;2.65;2.47;0.02;TTWO
+1y;21.0;7.78;5.36;10.81;2.52;2.087;TTWO
0q;22.0;0.09;0.02;0.23;0.11;-0.18200001;EL
+1q;22.0;1.06;0.74;1.49;0.88;0.205;EL
0y;27.0;2.9;2.66;3.14;2.59;0.12;EL
+1y;27.0;4.11;3.0;6.68;2.9;0.417;EL
0q;7.0;0.46;0.4;0.53;0.43;0.07;PPL
+1q;7.0;0.34;0.27;0.39;0.4;-0.15;PPL
0y;11.0;1.72;1.7;1.73;1.6;0.075;PPL
+1y;10.0;1.83;1.8;1.84;1.72;0.064;PPL
0q;9.0;1.5;1.46;1.57;2.16;-0.306;WST
+1q;9.0;1.84;1.8;1.91;1.83;0.005;WST
0y;10.0;6.51;6.35;7.34;8.08;-0.19399999;WST
+1y;10.0;7.8;6.81;8.99;6.51;0.198;WST
0q;9.0;0.9;0.87;0.92;0.88;0.023;FE
+1q;9.0;0.69;0.63;0.76;0.62;0.113000005;FE
0y;17.0;2.7;2.65;2.74;2.56;0.055;FE
+1y;17.0;2.89;2.79;3.01;2.7;0.07;FE
0q;4.0;-0.03;-0.07;-0.01;-0.18;0.833;VTR
+1q;4.0;-0.05;-0.07;-0.03;-0.23;0.78300005;VTR
0y;5.0;-0.05;-0.11;0.02;-0.1;0.5;VTR
+1y;6.0;0.09;-0.05;0.29;-0.05;2.8;VTR
0q;14.0;1.19;1.05;1.41;1.02;0.16700001;AXON
+1q;14.0;1.26;1.12;1.56;1.12;0.125;AXON
0y;14.0;4.82;4.53;5.31;4.14;0.16399999;AXON
+1y;15.0;5.93;5.52;6.39;4.82;0.23;AXON
0q;4.0;0.74;0.62;0.79;;;SW
+1q;4.0;0.7;0.63;0.84;;;SW
0y;9.0;2.55;1.78;3.08;;;SW
+1y;10.0;3.98;3.19;4.46;2.55;0.561;SW
0q;13.0;2.42;2.28;2.53;2.13;0.136;RJF
+1q;13.0;2.49;2.22;2.8;2.4;0.038;RJF
0y;14.0;9.54;9.39;9.64;8.3;0.14899999;RJF
+1y;14.0;9.96;9.23;10.73;9.54;0.044;RJF
0q;9.0;2.01;1.96;2.07;1.87;0.075;AEE
+1q;9.0;0.67;0.61;0.72;0.6;0.117;AEE
0y;11.0;4.62;4.53;4.69;4.38;0.055;AEE
+1y;12.0;4.91;4.82;5.0;4.62;0.063;AEE
0q;16.0;1.45;1.34;1.58;1.2;0.20799999;PTC
+1q;14.0;1.33;1.15;1.55;1.11;0.198;PTC
0y;18.0;5.0;4.88;5.13;4.34;0.152;PTC
+1y;18.0;5.83;5.38;6.68;5.0;0.16600001;PTC
0q;18.0;2.68;2.64;2.73;2.84;-0.055999998;WAT
+1q;16.0;4.09;4.01;4.15;3.62;0.13;WAT
0y;20.0;11.6;11.55;11.65;11.75;-0.012999999;WAT
+1y;20.0;12.69;12.38;12.92;11.6;0.094;WAT
0q;23.0;1.06;1.0;1.1;0.97;0.093;DLTR
+1q;23.0;2.21;2.05;2.42;2.55;-0.133;DLTR
0y;25.0;5.38;5.2;5.55;5.89;-0.087;DLTR
+1y;27.0;6.06;5.46;6.73;5.38;0.126;DLTR
0q;18.0;0.3;0.28;0.32;0.35;-0.143;HBAN
+1q;18.0;0.31;0.28;0.34;0.3;0.033;HBAN
0y;18.0;1.17;1.13;1.21;1.39;-0.158;HBAN
+1y;18.0;1.36;1.25;1.45;1.17;0.162;HBAN
0q;9.0;1.44;1.24;1.61;1.66;-0.133;CINF
+1q;7.0;2.1;1.36;2.37;2.28;-0.079;CINF
0y;9.0;6.57;5.95;6.9;6.03;0.09;CINF
+1y;9.0;7.16;6.8;7.6;6.57;0.09;CINF
0q;10.0;0.17;0.14;0.23;0.21;-0.19;INVH
+1q;10.0;0.18;0.15;0.25;0.21;-0.143;INVH
0y;10.0;0.7;0.64;0.84;0.85;-0.176;INVH
+1y;11.0;0.77;0.65;1.05;0.7;0.1;INVH
0q;11.0;4.45;4.39;4.56;3.95;0.127;HUBB
+1q;11.0;3.99;3.87;4.15;3.69;0.081;HUBB
0y;12.0;16.41;16.27;16.68;15.33;0.07;HUBB
+1y;12.0;17.69;17.35;18.19;16.41;0.078;HUBB
0q;14.0;5.95;5.7;6.18;5.05;0.17799999;MOH
+1q;14.0;5.98;5.58;6.2;4.38;0.365;MOH
0y;14.0;23.51;23.02;23.75;20.88;0.126;MOH
+1y;14.0;26.56;26.0;27.2;23.51;0.13;MOH
0q;15.0;0.86;0.83;0.91;0.83;0.036;BALL
+1q;15.0;0.83;0.74;0.89;0.78;0.064;BALL
0y;17.0;3.08;2.77;3.17;2.9;0.062;BALL
+1y;17.0;3.52;3.07;3.65;3.08;0.143;BALL
0q;17.0;4.96;4.93;5.04;4.49;0.105;CPAY
+1q;17.0;5.38;5.2;5.49;4.44;0.21200001;CPAY
0y;17.0;18.96;18.79;19.05;16.92;0.12100001;CPAY
+1y;17.0;22.14;21.06;22.75;18.96;0.168;CPAY
0q;13.0;1.23;1.09;1.38;0.89;0.382;GDDY
+1q;13.0;1.45;1.24;1.63;7.85;-0.815;GDDY
0y;14.0;6.45;6.14;6.78;9.2;-0.299;GDDY
+1y;15.0;6.58;5.54;7.64;6.45;0.02;GDDY
0q;19.0;1.8;1.56;2.33;1.48;0.216;SYF
+1q;18.0;1.35;0.69;1.83;1.03;0.311;SYF
0y;17.0;7.79;6.25;8.43;5.19;0.501;SYF
+1y;21.0;5.94;5.09;7.25;7.79;-0.237;SYF
0q;20.0;1.67;1.41;1.88;1.3;0.285;APTV
+1q;19.0;1.85;1.68;2.09;1.4;0.32099998;APTV
0y;21.0;6.24;5.8;6.45;4.86;0.284;APTV
+1y;23.0;7.7;6.96;8.39;6.24;0.234;APTV
0q;10.0;2.43;2.32;2.51;2.49;-0.024;GPC
+1q;10.0;2.27;2.17;2.35;2.26;0.004;GPC
0y;12.0;9.37;9.2;9.48;9.33;0.004;GPC
+1y;12.0;10.14;9.85;10.72;9.37;0.081999995;GPC
0q;21.0;0.52;0.49;0.56;0.49;0.061;RF
+1q;21.0;0.55;0.49;0.59;0.49;0.122;RF
0y;20.0;1.96;1.89;2.03;2.2;-0.109;RF
+1y;22.0;2.22;1.92;2.35;1.96;0.133;RF
0q;15.0;3.49;3.31;3.76;3.38;0.033;LH
+1q;15.0;3.46;3.36;3.51;3.3;0.048;LH
0y;18.0;14.58;14.36;14.75;13.56;0.075;LH
+1y;18.0;15.85;15.39;16.66;14.58;0.087;LH
0q;16.0;0.12;-0.18;0.4;0.3;-0.6;EQT
+1q;17.0;0.45;0.25;0.59;0.48;-0.062;EQT
0y;18.0;1.26;0.87;1.59;2.29;-0.45;EQT
+1y;17.0;2.98;2.17;4.57;1.26;1.365;EQT
0q;13.0;2.02;1.82;2.23;2.03;-0.005;LDOS
+1q;13.0;2.12;1.93;2.38;1.99;0.065;LDOS
0y;13.0;9.08;8.8;9.53;7.3;0.244;LDOS
+1y;14.0;9.56;9.22;10.15;9.08;0.053000003;LDOS
0q;13.0;2.96;2.58;3.28;4.24;-0.30200002;BLDR
+1q;13.0;2.25;1.74;2.59;3.55;-0.366;BLDR
0y;12.0;11.36;9.51;11.95;14.59;-0.221;BLDR
+1y;13.0;12.08;9.84;13.65;11.36;0.063;BLDR
0q;8.0;4.97;4.93;4.99;5.05;-0.016;TDY
+1q;8.0;5.34;5.27;5.41;5.44;-0.018;TDY
0y;9.0;19.43;19.34;19.5;19.69;-0.012999999;TDY
+1y;9.0;21.52;20.67;22.18;19.43;0.108;TDY
0q;12.0;0.77;0.75;0.8;0.85;-0.094;MKC
+1q;9.0;0.69;0.67;0.71;0.63;0.095;MKC
0y;15.0;2.92;2.87;3.06;2.7;0.081;MKC
+1y;15.0;3.13;3.0;3.28;2.92;0.072;MKC
0q;15.0;2.19;2.04;2.37;2.06;0.063;CBOE
+1q;15.0;2.21;2.08;2.37;2.06;0.073;CBOE
0y;17.0;8.68;8.49;8.95;7.8;0.113000005;CBOE
+1y;17.0;9.15;8.67;10.04;8.68;0.054;CBOE
0q;15.0;1.01;0.99;1.03;0.89;0.135;HOLX
+1q;13.0;1.04;0.99;1.1;0.98;0.061;HOLX
0y;19.0;4.08;4.01;4.09;3.96;0.03;HOLX
+1y;19.0;4.35;4.14;4.52;4.08;0.066;HOLX
0q;7.0;0.8;0.75;0.85;0.8;0.0;ATO
+1q;2.0;2.22;2.18;2.25;2.08;0.067;ATO
0y;11.0;6.8;6.76;6.86;6.1;0.115;ATO
+1y;10.0;7.12;7.05;7.29;6.8;0.047;ATO
0q;20.0;1.71;1.61;1.82;-1.76;1.972;WDC
+1q;20.0;1.95;1.75;2.2;-0.69;3.826;WDC
0y;23.0;7.82;6.92;10.01;-0.2;40.1;WDC
+1y;19.0;8.67;1.96;14.15;7.82;0.109;WDC
0q;8.0;0.8;0.75;0.87;0.61;0.311;CMS
+1q;8.0;0.91;0.83;0.97;1.05;-0.133;CMS
0y;15.0;3.33;3.32;3.35;3.11;0.071;CMS
+1y;16.0;3.59;3.54;3.62;3.33;0.078;CMS
0q;20.0;1.46;1.4;1.6;-0.22;7.6359997;STX
+1q;20.0;1.72;1.44;2.23;0.12;13.333;STX
0y;23.0;6.95;6.12;8.93;1.29;4.388;STX
+1y;20.0;9.12;7.18;13.21;6.95;0.312;STX
0q;24.0;0.39;0.27;0.62;0.5;-0.22;CTRA
+1q;23.0;0.5;0.3;0.8;0.52;-0.038;CTRA
0y;24.0;1.76;1.52;2.33;2.26;-0.221;CTRA
+1y;24.0;2.51;1.99;3.63;1.76;0.426;CTRA
0q;7.0;2.02;1.94;2.07;1.86;0.086;OMC
+1q;7.0;2.39;2.3;2.48;2.2;0.086;OMC
0y;11.0;7.98;7.69;8.17;7.41;0.077;OMC
+1y;11.0;8.6;8.24;9.1;7.98;0.078;OMC
0q;10.0;1.99;1.95;2.16;3.47;-0.42700002;STLD
+1q;10.0;1.88;1.6;2.25;2.61;-0.28;STLD
0y;12.0;10.32;9.94;10.8;14.95;-0.31;STLD
+1y;12.0;9.99;5.9;12.41;10.32;-0.032;STLD
0q;19.0;0.79;0.74;0.84;0.85;-0.071;CFG
+1q;19.0;0.85;0.76;0.97;0.34;1.5;CFG
0y;19.0;3.09;2.95;3.39;3.13;-0.012999999;CFG
+1y;20.0;3.96;3.6;4.23;3.09;0.282;CFG
0q;14.0;1.0;0.99;1.01;0.87;0.14899999;COO
+1q;10.0;0.95;0.9;0.99;0.85;0.118;COO
0y;17.0;3.66;3.64;3.69;3.2;0.144;COO
+1y;17.0;4.08;3.99;4.2;3.66;0.115;COO
0q;15.0;0.78;0.72;0.86;0.8;-0.025;TER
+1q;15.0;0.88;0.81;1.04;0.79;0.11399999;TER
0y;17.0;3.02;2.89;3.21;2.93;0.031;TER
+1y;17.0;4.68;3.83;5.76;3.02;0.55;TER
0q;16.0;-0.07;-0.21;0.2;-0.17;0.588;WBD
+1q;16.0;0.03;-0.14;0.28;-0.16;1.1880001;WBD
0y;18.0;-4.49;-4.92;-3.9;-1.28;-2.5080001;WBD
+1y;19.0;-0.11;-0.69;1.32;-4.49;0.976;WBD
0q;11.0;1.36;1.26;1.54;1.36;0.0;ESS
+1q;11.0;1.38;1.24;1.59;1.02;0.353;ESS
0y;8.0;8.43;8.34;8.57;6.32;0.33400002;ESS
+1y;12.0;6.02;5.44;6.71;8.43;-0.286;ESS
0q;13.0;0.78;0.77;0.78;0.68;0.147;BAX
+1q;12.0;0.84;0.59;0.88;0.88;-0.045;BAX
0y;16.0;2.95;2.69;2.99;2.6;0.135;BAX
+1y;12.0;3.16;2.73;3.3;2.95;0.071;BAX
0q;12.0;1.91;1.36;2.19;1.96;-0.025999999;J
+1q;10.0;1.62;1.23;2.22;2.02;-0.198;J
0y;13.0;7.7;4.95;8.14;7.26;0.061;J
+1y;16.0;7.66;4.61;9.56;7.7;-0.005;J
0q;11.0;1.74;1.68;1.79;1.49;0.168;NTRS
+1q;11.0;1.8;1.61;1.94;1.46;0.233;NTRS
0y;9.0;7.05;6.98;7.2;6.02;0.171;NTRS
+1y;12.0;7.15;6.7;7.52;7.05;0.0139999995;NTRS
0q;14.0;1.34;1.18;1.78;1.24;0.081;EXPD
+1q;14.0;1.34;1.15;2.03;1.09;0.229;EXPD
0y;16.0;5.02;4.75;5.42;5.05;-0.006;EXPD
+1y;16.0;5.33;4.95;5.75;5.02;0.062;EXPD
0q;6.0;2.49;2.45;2.58;2.05;0.215;PKG
+1q;6.0;2.42;2.23;2.56;2.13;0.136;PKG
0y;9.0;8.86;8.65;9.07;8.7;0.018;PKG
+1y;9.0;10.73;9.9;12.1;8.86;0.21100001;PKG
0q;9.0;0.43;0.28;0.6;0.4;0.075;CNP
+1q;10.0;0.29;0.16;0.43;0.32;-0.094;CNP
0y;15.0;1.62;1.6;1.64;1.5;0.08;CNP
+1y;15.0;1.73;1.64;1.75;1.62;0.068;CNP
0q;4.0;0.88;0.87;0.91;0.13;5.769;ARE
+1q;4.0;0.9;0.87;0.94;-0.54;2.667;ARE
0y;4.0;3.0;2.96;3.04;0.54;4.556;ARE
+1y;4.0;3.56;3.35;3.76;3.0;0.187;ARE
0q;14.0;1.52;1.33;1.65;1.49;0.02;TXT
+1q;14.0;1.94;1.64;2.11;1.6;0.21200001;TXT
0y;14.0;6.19;5.8;6.39;5.59;0.107;TXT
+1y;15.0;7.03;6.59;7.45;6.19;0.136;TXT
0q;14.0;3.25;3.13;3.41;0.87;2.736;ZBRA
+1q;14.0;3.54;3.26;3.83;1.71;1.07;ZBRA
0y;17.0;12.71;11.0;13.17;9.82;0.294;ZBRA
+1y;17.0;15.44;13.45;17.22;12.71;0.215;ZBRA
0q;26.0;2.04;1.95;2.21;1.84;0.109;DRI
+1q;26.0;2.79;2.7;2.87;2.62;0.065;DRI
0y;28.0;9.45;9.26;9.61;8.88;0.064;DRI
+1y;29.0;10.54;10.2;11.0;9.45;0.115;DRI
0q;9.0;2.33;2.3;2.36;2.1;0.11;AVY
+1q;9.0;2.39;2.35;2.51;2.61;-0.084;AVY
0y;13.0;9.44;9.38;9.59;7.9;0.195;AVY
+1y;13.0;10.55;10.29;10.94;9.44;0.118;AVY
0q;14.0;2.01;1.9;2.08;1.72;0.169;PFG
+1q;13.0;2.02;1.88;2.08;1.83;0.103999995;PFG
0y;13.0;7.31;7.2;7.4;6.55;0.116000004;PFG
+1y;14.0;8.4;8.03;8.65;7.31;0.14899999;PFG
0q;9.0;1.01;0.9;1.4;0.94;0.074;MAA
+1q;9.0;1.04;1.0;1.09;1.37;-0.241;MAA
0y;7.0;4.16;3.98;4.51;4.71;-0.117;MAA
+1y;9.0;4.18;3.88;4.46;4.16;0.005;MAA
0q;9.0;0.68;0.51;0.83;0.37;0.83800006;TSN
+1q;6.0;0.86;0.71;0.93;0.69;0.246;TSN
0y;10.0;2.85;2.69;3.01;1.34;1.127;TSN
+1y;10.0;3.51;3.12;4.32;2.85;0.23200001;TSN
0q;24.0;4.54;4.13;4.99;5.07;-0.105;ULTA
+1q;24.0;6.85;6.4;7.31;8.08;-0.152;ULTA
0y;30.0;23.16;22.78;23.5;26.03;-0.11;ULTA
+1y;30.0;24.84;20.75;26.48;23.16;0.073;ULTA
0q;23.0;1.52;1.52;1.56;2.2;-0.309;SWKS
+1q;23.0;1.73;1.56;2.08;1.97;-0.122;SWKS
0y;26.0;6.25;6.18;6.29;8.52;-0.266;SWKS
+1y;26.0;6.41;6.09;7.2;6.25;0.025999999;SWKS
0q;14.0;0.93;0.85;0.98;0.9;0.033;WRB
+1q;11.0;1.01;0.9;1.11;0.97;0.040999997;WRB
0y;15.0;4.06;3.89;4.52;3.28;0.23799999;WRB
+1y;15.0;4.27;3.98;4.45;4.06;0.051999997;WRB
0q;2.0;2.01;1.99;2.03;1.83;0.098000005;VRSN
+1q;2.0;2.05;2.03;2.07;1.92;0.068;VRSN
0y;2.0;7.99;7.95;8.03;7.22;0.107;VRSN
+1y;2.0;8.67;8.54;8.8;7.99;0.085;VRSN
0q;19.0;1.08;1.04;1.12;1.0;0.08;MAS
+1q;19.0;0.9;0.85;0.94;0.83;0.084;MAS
0y;22.0;4.11;4.05;4.16;3.86;0.065;MAS
+1y;22.0;4.5;4.39;4.73;4.11;0.095;MAS
0q;22.0;1.29;1.24;1.39;1.29;0.0;BBY
+1q;22.0;2.45;2.29;2.57;2.72;-0.099;BBY
0y;25.0;6.26;5.98;6.4;6.37;-0.017;BBY
+1y;25.0;6.86;6.25;7.25;6.26;0.096;BBY
0q;15.0;1.39;1.28;1.57;0.49;1.837;CLX
+1q;15.0;1.53;1.39;1.69;2.16;-0.292;CLX
0y;20.0;6.65;6.55;6.82;6.17;0.078;CLX
+1y;19.0;7.13;6.63;7.53;6.65;0.072;CLX
0q;7.0;0.23;0.17;0.3;0.16;0.438;K
+1q;7.0;0.26;0.19;0.33;0.15;0.73300004;K
0y;15.0;0.83;0.67;1.11;0.6;0.383;K
+1y;15.0;0.99;0.7;1.34;0.83;0.19299999;K
0q;5.0;0.24;0.21;0.28;0.64;-0.625;IP
+1q;4.0;0.43;0.36;0.5;0.41;0.049000002;IP
0y;9.0;1.5;1.31;2.08;2.16;-0.306;IP
+1y;8.0;2.68;2.47;2.93;1.5;0.78699994;IP
0q;16.0;2.27;2.22;2.36;2.22;0.023;DGX
+1q;16.0;2.22;2.13;2.29;2.15;0.033;DGX
0y;18.0;8.86;8.25;8.98;8.71;0.017;DGX
+1y;18.0;9.66;9.4;10.09;8.86;0.09;DGX
0q;11.0;2.31;2.25;2.37;2.14;0.079;ALGN
+1q;11.0;2.56;2.5;2.68;2.42;0.058000002;ALGN
0y;15.0;9.39;9.02;9.6;8.61;0.091000006;ALGN
+1y;15.0;10.49;10.01;10.97;9.39;0.117;ALGN
0q;13.0;11.67;9.78;14.58;14.14;-0.175;EG
+1q;10.0;16.89;10.99;19.79;11.87;0.42299998;EG
0y;13.0;61.73;56.9;66.55;52.58;0.174;EG
+1y;13.0;67.82;59.75;73.73;61.73;0.099;EG
0q;16.0;0.06;0.04;0.12;-0.07;1.857;CCL
+1q;11.0;-0.02;-0.06;0.04;-0.14;0.857;CCL
0y;20.0;1.32;1.19;1.38;0.0;;CCL
+1y;20.0;1.71;1.55;1.9;1.32;0.295;CCL
0q;14.0;1.05;0.99;1.11;1.05;0.0;SWK
+1q;14.0;1.5;1.34;1.71;0.92;0.63;SWK
0y;17.0;4.19;3.99;4.48;1.45;1.89;SWK
+1y;17.0;5.74;5.3;6.57;4.19;0.37;SWK
0q;13.0;-0.02;-0.29;0.19;0.38;-1.053;LUV
+1q;13.0;0.27;0.11;0.47;0.37;-0.27;LUV
0y;15.0;0.51;0.17;0.98;1.57;-0.675;LUV
+1y;16.0;1.38;0.7;2.2;0.51;1.7060001;LUV
0q;18.0;1.13;1.12;1.15;1.18;-0.042;RVTY
+1q;18.0;1.43;1.38;1.52;1.25;0.144;RVTY
0y;20.0;4.75;4.7;4.78;4.65;0.022;RVTY
+1y;20.0;5.18;5.04;5.47;4.75;0.091000006;RVTY
0q;18.0;0.67;0.51;0.88;0.77;-0.13;MRO
+1q;17.0;0.62;0.45;0.84;0.69;-0.101;MRO
0y;20.0;2.49;2.11;2.94;2.61;-0.046;MRO
+1y;20.0;2.45;1.62;3.31;2.49;-0.016;MRO
0q;16.0;4.26;4.07;4.51;4.12;0.034;FDS
+1q;16.0;4.3;4.12;4.42;4.22;0.019;FDS
0y;19.0;17.13;16.42;17.7;16.45;0.040999997;FDS
+1y;18.0;18.61;16.91;19.55;17.13;0.086;FDS
0q;6.0;0.06;0.03;0.11;0.12;-0.5;DOC
+1q;6.0;0.05;0.04;0.08;0.13;-0.615;DOC
0y;6.0;0.35;0.28;0.39;0.56;-0.375;DOC
+1y;7.0;0.28;0.15;0.52;0.35;-0.2;DOC
0q;22.0;6.02;5.23;6.63;5.41;0.113000005;EXPE
+1q;22.0;2.11;1.39;2.47;1.72;0.22700001;EXPE
0y;25.0;11.8;9.0;14.75;9.69;0.218;EXPE
+1y;27.0;14.31;11.12;19.79;11.8;0.213;EXPE
0q;2.0;2.05;1.71;2.39;1.41;0.45400003;NRG
+1q;2.0;0.76;0.55;0.97;2.02;-0.624;NRG
0y;4.0;5.88;5.48;6.58;-1.12;6.25;NRG
+1y;6.0;6.23;5.38;7.56;5.88;0.06;NRG
0q;30.0;0.77;0.38;0.95;1.02;-0.245;ENPH
+1q;29.0;0.92;0.49;1.17;0.54;0.704;ENPH
0y;33.0;2.52;2.05;2.87;4.41;-0.42900002;ENPH
+1y;32.0;4.54;2.63;5.92;2.52;0.802;ENPH
0q;8.0;2.12;2.02;2.23;2.99;-0.291;BG
+1q;8.0;2.5;2.39;2.69;3.7;-0.324;BG
0y;10.0;9.43;9.25;9.76;13.66;-0.31;BG
+1y;10.0;9.7;8.85;10.57;9.43;0.029000001;BG
0q;7.0;0.16;0.16;0.18;0.16;0.0;AMCR
+1q;7.0;0.17;0.16;0.17;0.16;0.063;AMCR
0y;12.0;0.74;0.73;0.76;0.7;0.056999996;AMCR
+1y;12.0;0.79;0.77;0.81;0.74;0.068;AMCR
0q;29.0;4.94;4.71;5.25;4.48;0.103;DPZ
+1q;22.0;4.02;3.37;4.26;3.58;0.123;DPZ
0y;33.0;16.36;15.63;16.95;14.67;0.115;DPZ
+1y;34.0;17.66;17.03;18.55;16.36;0.079;DPZ
0q;9.0;4.59;4.54;4.66;4.51;0.018;SNA
+1q;9.0;4.72;4.64;4.9;4.75;-0.006;SNA
0y;8.0;19.26;19.16;19.41;18.76;0.027;SNA
+1y;11.0;19.93;19.48;20.56;19.26;0.035;SNA
0q;8.0;0.17;0.15;0.2;0.19;-0.105;KIM
+1q;8.0;0.17;0.15;0.2;0.22;-0.22700001;KIM
0y;8.0;0.47;0.39;0.54;1.02;-0.53900003;KIM
+1y;9.0;0.67;0.6;0.79;0.47;0.426;KIM
0q;10.0;1.89;1.86;1.94;2.12;-0.108;IEX
+1q;10.0;2.02;1.97;2.06;1.83;0.103999995;IEX
0y;11.0;7.86;7.82;7.89;8.22;-0.044;IEX
+1y;13.0;8.53;8.3;8.78;7.86;0.085;IEX
0q;0.0;0.0;0.0;0.0;;;L
+1q;0.0;0.0;0.0;0.0;;;L
0y;0.0;0.0;0.0;0.0;;;L
+1y;0.0;0.0;0.0;0.0;;;L
0q;19.0;1.59;1.57;1.62;1.63;-0.025;AKAM
+1q;19.0;1.62;1.59;1.66;1.69;-0.040999997;AKAM
0y;21.0;6.43;6.36;6.54;6.2;0.037;AKAM
+1y;21.0;6.85;5.72;7.71;6.43;0.065;AKAM
0q;15.0;0.68;0.64;0.72;0.71;-0.042;CAG
+1q;15.0;0.72;0.7;0.75;0.69;0.043;CAG
0y;15.0;2.59;2.54;2.63;2.67;-0.03;CAG
+1y;15.0;2.69;2.61;2.76;2.59;0.039;CAG
0q;4.0;1.1;1.08;1.12;1.05;0.048;LNT
+1q;4.0;0.77;0.76;0.79;0.48;0.60400003;LNT
0y;11.0;3.06;3.01;3.08;2.82;0.085;LNT
+1y;11.0;3.26;3.22;3.28;3.06;0.065;LNT
0q;6.0;0.68;0.64;0.71;0.79;-0.139;VTRS
+1q;6.0;0.63;0.61;0.65;0.62;0.016;VTRS
0y;8.0;2.67;2.65;2.7;2.93;-0.088999994;VTRS
+1y;8.0;2.69;2.5;2.77;2.67;0.0069999998;VTRS
0q;5.0;0.54;0.54;0.54;0.47;0.14899999;GEN
+1q;5.0;0.55;0.55;0.56;0.49;0.122;GEN
0y;6.0;2.2;2.19;2.24;1.96;0.122;GEN
+1y;7.0;2.45;2.39;2.5;2.2;0.11399999;GEN
0q;12.0;0.54;0.48;0.58;0.55;-0.018;LVS
+1q;12.0;0.59;0.54;0.64;0.57;0.035;LVS
0y;13.0;2.45;2.35;2.71;1.89;0.296;LVS
+1y;14.0;2.78;2.45;3.11;2.45;0.135;LVS
0q;16.0;0.15;-0.47;0.31;0.29;-0.48299998;KEY
+1q;16.0;0.34;0.31;0.36;0.25;0.36;KEY
0y;14.0;1.04;0.35;1.14;1.1;-0.055;KEY
+1y;17.0;1.51;0.85;1.67;1.04;0.45200002;KEY
0q;8.0;0.16;0.12;0.22;0.19;-0.158;NI
+1q;9.0;0.56;0.47;0.68;0.53;0.056999996;NI
0y;14.0;1.73;1.69;1.75;1.6;0.081;NI
+1y;13.0;1.85;1.82;1.88;1.73;0.069;NI
0q;9.0;3.17;2.92;3.26;3.51;-0.096999995;POOL
+1q;9.0;0.97;0.71;1.11;1.32;-0.265;POOL
0y;9.0;11.18;11.01;11.3;13.35;-0.16299999;POOL
+1y;9.0;12.12;11.36;12.55;11.18;0.084;POOL
0q;11.0;1.15;0.97;1.4;1.14;0.009;CF
+1q;10.0;1.67;1.47;2.11;1.58;0.056999996;CF
0y;14.0;5.8;3.91;6.66;8.07;-0.28100002;CF
+1y;15.0;5.87;2.2;8.01;5.8;0.012;CF
0q;16.0;1.07;1.06;1.09;0.94;0.138;PNR
+1q;16.0;1.02;1.0;1.05;0.87;0.172;PNR
0y;18.0;4.25;4.22;4.3;3.75;0.133;PNR
+1y;18.0;4.8;4.68;5.07;4.25;0.129;PNR
0q;14.0;3.13;2.8;3.48;3.65;-0.142;UAL
+1q;14.0;2.63;2.12;3.13;2.0;0.315;UAL
0y;17.0;9.95;9.15;13.8;10.05;-0.01;UAL
+1y;18.0;11.58;10.15;15.0;9.95;0.16399999;UAL
0q;17.0;0.76;0.7;0.86;0.71;0.07;PODD
+1q;17.0;0.99;0.9;1.12;1.4;-0.29299998;PODD
0y;19.0;3.03;2.86;3.28;2.75;0.102;PODD
+1y;19.0;3.8;3.26;4.45;3.03;0.254;PODD
0q;6.0;1.92;1.71;2.04;1.88;0.021;EVRG
+1q;6.0;0.48;0.35;0.68;0.27;0.77800006;EVRG
0y;10.0;3.84;3.81;3.86;3.54;0.085;EVRG
+1y;10.0;4.06;3.98;4.16;3.84;0.056999996;EVRG
0q;20.0;1.41;1.29;1.8;1.8;-0.21700001;JBHT
+1q;19.0;1.58;1.42;1.85;1.47;0.075;JBHT
0y;22.0;5.56;5.25;6.2;6.97;-0.202;JBHT
+1y;24.0;7.34;6.25;8.4;5.56;0.32;JBHT
0q;18.0;2.87;2.71;3.09;2.5;0.148;CE
+1q;18.0;2.98;2.71;3.29;2.24;0.33;CE
0y;19.0;10.32;9.89;10.6;8.92;0.157;CE
+1y;19.0;12.52;11.07;13.75;10.32;0.213;CE
0q;7.0;0.3;0.29;0.31;0.28;0.071;ROL
+1q;7.0;0.24;0.23;0.25;0.21;0.143;ROL
0y;9.0;1.01;0.98;1.05;0.9;0.122;ROL
+1y;10.0;1.14;1.1;1.21;1.01;0.129;ROL
0q;17.0;1.67;1.31;1.95;1.78;-0.062;LYV
+1q;17.0;-0.99;-1.45;-0.67;-1.25;0.20799999;LYV
0y;19.0;1.31;1.03;1.59;1.37;-0.044;LYV
+1y;21.0;2.41;0.98;3.8;1.31;0.84;LYV
0q;8.0;1.88;1.85;1.92;2.6;-0.277;JBL
+1q;8.0;1.85;1.63;2.08;1.68;0.101;JBL
0y;9.0;8.69;8.46;9.05;8.49;0.024;JBL
+1y;9.0;10.01;9.16;10.52;8.69;0.152;JBL
0q;13.0;3.71;3.38;4.09;2.55;0.455;UHS
+1q;13.0;4.25;3.98;4.47;3.13;0.35799998;UHS
0y;12.0;15.95;15.69;16.17;10.54;0.513;UHS
+1y;13.0;17.91;16.71;19.05;15.95;0.123;UHS
0q;13.0;0.38;0.35;0.42;0.41;-0.073;TECH
+1q;13.0;0.38;0.36;0.41;0.4;-0.05;TECH
0y;15.0;1.89;1.74;2.25;1.77;0.068;TECH
+1y;13.0;2.18;1.96;2.39;1.89;0.153;TECH
0q;11.0;0.62;0.6;0.63;0.68;-0.088;TRMB
+1q;11.0;0.87;0.84;0.89;0.63;0.38099998;TRMB
0y;11.0;2.75;2.73;2.78;2.66;0.034;TRMB
+1y;11.0;3.02;2.67;3.27;2.75;0.098000005;TRMB
0q;7.0;2.59;2.56;2.65;2.46;0.053000003;NDSN
+1q;6.0;2.29;2.23;2.47;2.21;0.036;NDSN
0y;9.0;9.55;9.52;9.61;9.03;0.058000002;NDSN
+1y;9.0;10.41;10.15;10.6;9.55;0.09;NDSN
0q;11.0;0.58;0.47;0.67;0.52;0.115;KMX
+1q;11.0;0.51;0.38;0.69;0.32;0.59400004;KMX
0y;13.0;2.91;2.7;3.15;2.74;0.062;KMX
+1y;14.0;3.71;3.35;4.56;2.91;0.275;KMX
0q;15.0;2.42;2.36;2.46;2.72;-0.11;CRL
+1q;15.0;2.52;2.42;2.59;2.46;0.024;CRL
0y;17.0;10.01;9.92;10.08;10.67;-0.062;CRL
+1y;17.0;10.61;10.09;11.09;10.01;0.06;CRL
0q;11.0;0.1;0.07;0.17;0.1;0.0;UDR
+1q;11.0;0.1;0.06;0.13;0.1;0.0;UDR
0y;10.0;0.41;0.33;0.51;1.34;-0.694;UDR
+1y;11.0;0.47;0.32;0.61;0.41;0.146;UDR
0q;14.0;1.62;1.57;1.75;1.39;0.165;JKHY
+1q;14.0;1.36;1.28;1.44;1.26;0.079;JKHY
0y;15.0;5.83;5.71;5.94;5.23;0.115;JKHY
+1y;14.0;6.31;6.21;6.4;5.83;0.081999995;JKHY
0q;18.0;2.7;2.67;2.75;2.73;-0.011;EPAM
+1q;18.0;2.7;2.61;2.78;2.75;-0.018;EPAM
0y;20.0;10.29;10.13;10.41;10.59;-0.027999999;EPAM
+1y;20.0;10.92;9.28;11.74;10.29;0.061;EPAM
0q;14.0;2.49;2.41;2.58;2.59;-0.039;SJM
+1q;14.0;2.48;2.42;2.56;2.48;0.0;SJM
0y;16.0;9.8;9.6;10.0;9.94;-0.0139999995;SJM
+1y;16.0;10.56;9.85;11.02;9.8;0.078;SJM
0q;13.0;0.44;0.35;0.6;0.6;-0.26700002;JNPR
+1q;13.0;0.54;0.42;0.66;0.61;-0.115;JNPR
0y;13.0;1.58;1.38;1.84;2.26;-0.301;JNPR
+1y;12.0;1.92;1.56;2.29;1.58;0.215;JNPR
0q;5.0;0.63;0.51;0.86;0.6;0.05;AES
+1q;5.0;0.56;0.44;0.84;0.73;-0.233;AES
0y;10.0;1.92;1.88;1.95;1.76;0.091000006;AES
+1y;12.0;2.07;1.96;2.1;1.92;0.078;AES
0q;17.0;2.14;2.07;2.18;1.47;0.45599997;EMN
+1q;17.0;1.78;1.6;1.87;1.31;0.35900003;EMN
0y;19.0;7.68;7.5;7.79;6.4;0.2;EMN
+1y;19.0;8.91;8.25;10.2;7.68;0.16;EMN
0q;8.0;0.37;0.33;0.47;0.44;-0.159;CPT
+1q;8.0;0.39;0.35;0.5;2.03;-0.808;CPT
0y;7.0;1.93;1.86;2.18;3.7;-0.478;CPT
+1y;8.0;1.64;1.48;1.89;1.93;-0.15;CPT
0q;20.0;1.14;1.0;1.32;0.84;0.357;CHRW
+1q;20.0;1.05;0.72;1.24;0.5;1.1;CHRW
0y;22.0;4.19;3.73;4.57;3.3;0.27;CHRW
+1y;24.0;4.74;3.85;5.4;4.19;0.131;CHRW
0q;9.0;0.7;0.65;0.72;0.7;0.0;IPG
+1q;8.0;1.18;1.09;1.22;1.18;0.0;IPG
0y;12.0;2.85;2.77;2.9;2.99;-0.047;IPG
+1y;12.0;2.88;2.7;3.02;2.85;0.011;IPG
0q;8.0;0.1;0.07;0.11;0.16;-0.375;HST
+1q;8.0;0.17;0.15;0.19;0.19;-0.105;HST
0y;10.0;1.0;0.95;1.07;1.04;-0.038;HST
+1y;10.0;0.99;0.83;1.23;1.0;-0.01;HST
0q;8.0;1.98;1.96;2.01;1.94;0.021;ALLE
+1q;8.0;1.76;1.71;1.82;1.68;0.048;ALLE
0y;10.0;7.25;7.2;7.34;6.96;0.042;ALLE
+1y;9.0;7.75;7.55;8.1;7.25;0.069;ALLE
0q;12.0;3.45;3.42;3.5;3.5;-0.0139999995;FFIV
+1q;12.0;3.36;3.23;3.52;3.43;-0.02;FFIV
0y;13.0;13.15;13.12;13.2;11.7;0.124;FFIV
+1y;13.0;14.17;13.82;14.82;13.15;0.078;FFIV
0q;12.0;3.38;3.32;3.46;3.64;-0.071;TFX
+1q;12.0;3.97;3.88;4.02;3.38;0.175;TFX
0y;11.0;13.97;13.91;14.06;13.52;0.033;TFX
+1y;12.0;15.41;15.19;15.54;13.97;0.103;TFX
0q;8.0;0.45;0.44;0.48;0.5;-0.1;REG
+1q;8.0;0.46;0.43;0.48;0.47;-0.021;REG
0y;8.0;2.02;1.98;2.04;2.04;-0.01;REG
+1y;9.0;2.03;1.87;2.1;2.02;0.005;REG
0q;24.0;0.98;0.47;1.42;1.33;-0.26299998;APA
+1q;24.0;0.86;0.2;1.47;1.15;-0.252;APA
0y;27.0;3.84;2.6;4.64;4.53;-0.152;APA
+1y;27.0;3.43;0.9;5.63;3.84;-0.107;APA
0q;18.0;-0.33;-1.24;0.61;2.74;-1.12;ALB
+1q;18.0;-0.19;-2.05;1.7;1.85;-1.103;ALB
0y;21.0;0.09;-3.0;3.1;22.25;-0.996;ALB
+1y;21.0;2.72;-2.7;12.01;0.09;29.222;ALB
0q;5.0;0.05;-0.05;0.19;-0.1;1.5;CTLT
+1q;6.0;0.19;0.09;0.26;-0.24;1.7919999;CTLT
0y;9.0;1.15;0.85;1.57;0.25;3.6;CTLT
+1y;7.0;1.89;1.57;2.15;1.15;0.643;CTLT
0q;21.0;1.85;1.78;1.99;2.39;-0.22600001;QRVO
+1q;21.0;1.93;1.65;2.21;2.1;-0.081;QRVO
0y;25.0;6.09;4.54;6.8;6.25;-0.025999999;QRVO
+1y;25.0;7.95;6.86;9.4;6.09;0.305;QRVO
0q;7.0;0.89;0.8;0.94;0.86;0.035;LKQ
+1q;7.0;0.86;0.8;0.9;0.84;0.024;LKQ
0y;9.0;3.53;3.46;3.6;3.83;-0.078;LKQ
+1y;9.0;3.91;3.58;4.19;3.53;0.108;LKQ
0q;4.0;0.16;0.14;0.19;0.16;0.0;NWSA
+1q;4.0;0.29;0.26;0.33;0.26;0.115;NWSA
0y;5.0;0.84;0.78;0.95;0.7;0.2;NWSA
+1y;5.0;1.04;0.95;1.26;0.84;0.23799999;NWSA
0q;21.0;0.46;0.36;0.6;0.57;-0.19299999;MTCH
+1q;21.0;0.6;0.54;0.66;0.81;-0.259;MTCH
0y;22.0;1.99;1.83;2.17;2.26;-0.118999995;MTCH
+1y;23.0;2.49;2.12;3.7;1.99;0.25100002;MTCH
0q;6.0;0.55;0.43;0.63;-0.71;1.775;BXP
+1q;6.0;0.53;0.42;0.58;0.76;-0.303;BXP
0y;5.0;2.14;1.86;2.31;1.21;0.769;BXP
+1y;7.0;1.88;1.27;2.28;2.14;-0.12100001;BXP
0q;12.0;0.95;0.91;0.98;0.9;0.055999998;AOS
+1q;12.0;1.06;1.01;1.1;0.97;0.093;AOS
0y;13.0;4.06;4.0;4.1;3.81;0.066;AOS
+1y;13.0;4.34;4.15;4.45;4.06;0.069;AOS
0q;11.0;3.86;3.72;4.13;3.7;0.043;HII
+1q;11.0;4.48;3.9;4.71;6.9;-0.35099998;HII
0y;12.0;16.58;16.15;17.0;17.07;-0.029000001;HII
+1y;13.0;18.8;18.35;19.72;16.58;0.134;HII
0q;8.0;3.24;2.82;3.56;3.5;-0.074;PNW
+1q;8.0;-0.27;-0.73;0.08;0.0;;PNW
0y;16.0;4.8;4.7;5.1;4.41;0.088;PNW
+1y;15.0;4.83;4.51;5.1;4.8;0.006;PNW
0q;16.0;1.68;1.6;1.82;1.92;-0.125;TAP
+1q;15.0;1.18;1.05;1.28;1.19;-0.008;TAP
0y;20.0;5.71;5.52;5.87;5.43;0.051999997;TAP
+1y;20.0;5.85;5.4;6.16;5.71;0.025;TAP
0q;12.0;1.17;1.13;1.22;1.32;-0.11399999;HSIC
+1q;12.0;1.25;1.19;1.3;0.66;0.894;HSIC
0y;13.0;4.75;4.72;4.8;4.5;0.055999998;HSIC
+1y;13.0;5.27;5.13;5.42;4.75;0.109;HSIC
0q;15.0;1.25;0.87;1.86;1.1;0.136;INCY
+1q;14.0;1.51;1.22;1.95;1.06;0.425;INCY
0y;18.0;1.45;1.0;2.32;3.52;-0.588;INCY
+1y;19.0;5.96;4.37;7.59;1.45;3.11;INCY
0q;17.0;0.88;0.86;0.89;0.91;-0.033;CPB
+1q;17.0;0.82;0.79;0.87;0.8;0.025;CPB
0y;19.0;3.19;3.14;3.44;3.08;0.036;CPB
+1y;18.0;3.41;3.32;3.75;3.19;0.069;CPB
0q;14.0;0.6;0.43;0.88;0.68;-0.118;MOS
+1q;13.0;0.7;0.51;1.08;0.71;-0.0139999995;MOS
0y;16.0;2.49;2.21;3.07;3.57;-0.303;MOS
+1y;17.0;2.47;1.57;3.41;2.49;-0.008;MOS
0q;7.0;0.43;0.41;0.44;0.42;0.024;HRL
+1q;6.0;0.41;0.39;0.43;0.41;0.0;HRL
0y;8.0;1.58;1.57;1.59;1.61;-0.019;HRL
+1y;7.0;1.68;1.65;1.73;1.58;0.063;HRL
0q;16.0;1.11;0.91;1.18;1.09;0.018;FOXA
+1q;16.0;0.61;0.44;1.11;0.34;0.794;FOXA
0y;19.0;3.73;2.95;4.25;3.43;0.087;FOXA
+1y;19.0;3.63;2.8;3.94;3.73;-0.027;FOXA
0q;11.0;0.61;0.42;0.81;0.64;-0.047;MGM
+1q;11.0;0.56;0.28;0.82;1.06;-0.472;MGM
0y;10.0;2.69;2.3;3.17;2.67;0.0069999998;MGM
+1y;12.0;2.9;1.68;3.99;2.69;0.078;MGM
0q;7.0;3.2;2.85;3.56;4.29;-0.254;AIZ
+1q;6.0;4.18;2.88;4.63;4.58;-0.087;AIZ
0y;7.0;16.3;14.75;16.85;15.49;0.051999997;AIZ
+1y;7.0;17.67;17.0;18.35;16.3;0.084;AIZ
0q;15.0;0.95;0.93;0.97;0.93;0.022;TPR
+1q;14.0;1.69;1.54;1.76;1.63;0.037;TPR
0y;18.0;4.48;4.33;4.59;4.29;0.044;TPR
+1y;18.0;4.71;4.44;4.9;4.48;0.051;TPR
0q;15.0;0.43;0.36;0.52;0.37;0.162;DAY
+1q;15.0;0.48;0.36;0.67;0.5;-0.04;DAY
0y;15.0;1.8;1.59;1.98;1.51;0.192;DAY
+1y;16.0;2.11;1.78;2.54;1.8;0.172;DAY
0q;20.0;1.93;1.71;2.15;1.64;0.177;GNRC
+1q;20.0;2.32;2.1;2.51;2.07;0.12100001;GNRC
0y;21.0;6.49;6.05;7.03;5.4;0.202;GNRC
+1y;23.0;8.01;6.02;10.08;6.49;0.234;GNRC
0q;13.0;0.36;0.32;0.4;0.67;-0.463;WBA
+1q;11.0;0.41;0.32;0.53;0.61;-0.32799998;WBA
0y;17.0;2.85;2.8;2.89;3.98;-0.284;WBA
+1y;17.0;1.76;1.42;2.25;2.85;-0.382;WBA
0q;12.0;1.81;1.6;1.9;1.46;0.24;MKTX
+1q;12.0;1.76;1.53;2.08;2.09;-0.158;MKTX
0y;14.0;7.23;7.0;7.57;7.1;0.018;MKTX
+1y;14.0;8.13;7.05;8.66;7.23;0.124;MKTX
0q;8.0;1.11;0.97;1.32;1.45;-0.234;LW
+1q;8.0;1.34;1.21;1.47;1.2;0.117;LW
0y;9.0;4.25;4.23;4.28;5.08;-0.16299999;LW
+1y;9.0;4.97;4.72;5.24;4.25;0.169;LW
0q;6.0;0.73;0.69;0.76;0.67;0.09;FRT
+1q;6.0;0.76;0.72;0.8;0.76;0.0;FRT
0y;4.0;3.28;2.7;3.5;2.8;0.171;FRT
+1y;7.0;3.08;2.62;3.26;3.28;-0.061;FRT
0q;12.0;1.3;1.06;1.6;1.64;-0.207;HAS
+1q;11.0;0.75;0.57;0.94;0.38;0.97400004;HAS
0y;14.0;3.83;3.2;4.31;2.51;0.52599996;HAS
+1y;14.0;4.41;4.11;4.86;3.83;0.15100001;HAS
0q;19.0;1.62;1.55;1.78;1.77;-0.085;PAYC
+1q;19.0;1.95;1.85;2.14;1.93;0.01;PAYC
0y;20.0;7.84;7.64;9.08;7.75;0.012;PAYC
+1y;20.0;8.82;7.98;10.67;7.84;0.125;PAYC
0q;16.0;0.57;0.46;1.03;0.44;0.295;FMC
+1q;16.0;1.76;1.62;1.87;1.07;0.645;FMC
0y;19.0;3.32;3.08;3.65;3.78;-0.122;FMC
+1y;19.0;4.7;4.26;5.3;3.32;0.41599998;FMC
0q;16.0;2.88;2.76;2.95;2.72;0.059;MHK
+1q;16.0;2.24;2.06;2.53;1.96;0.143;MHK
0y;17.0;9.98;9.67;10.31;9.19;0.086;MHK
+1y;17.0;11.63;10.8;12.4;9.98;0.165;MHK
0q;17.0;0.47;0.44;0.49;0.48;-0.021;BBWI
+1q;17.0;1.98;1.88;2.08;2.06;-0.039;BBWI
0y;20.0;3.19;3.1;3.3;3.27;-0.024;BBWI
+1y;20.0;3.56;3.17;4.0;3.19;0.116000004;BBWI
0q;8.0;1.39;1.33;1.43;;;SOLV
+1q;8.0;1.36;1.3;1.38;;;SOLV
0y;9.0;6.38;6.33;6.42;;;SOLV
+1y;9.0;5.59;5.32;5.82;6.38;-0.124;SOLV
0q;12.0;0.15;-0.32;0.41;0.34;-0.559;CZR
+1q;12.0;0.1;-0.52;0.59;-0.34;1.2939999;CZR
0y;11.0;-1.0;-2.14;0.34;3.64;-1.275;CZR
+1y;13.0;1.36;-0.29;2.69;-1.0;2.36;CZR
0q;10.0;3.06;3.03;3.11;2.71;0.129;GL
+1q;9.0;3.15;3.07;3.2;2.8;0.125;GL
0y;10.0;11.94;11.83;12.02;10.65;0.12100001;GL
+1y;10.0;13.25;12.75;13.46;11.94;0.11;GL
0q;14.0;0.93;0.86;0.98;0.98;-0.051;BWA
+1q;14.0;0.97;0.9;1.09;0.9;0.078;BWA
0y;14.0;4.1;4.0;4.16;3.75;0.093;BWA
+1y;16.0;4.63;4.4;4.94;4.1;0.129;BWA
0q;15.0;0.93;0.9;0.96;0.76;0.22399999;NCLH
+1q;15.0;0.08;0.04;0.13;-0.18;1.4439999;NCLH
0y;19.0;1.57;1.5;1.73;0.7;1.243;NCLH
+1y;19.0;1.94;1.62;2.37;1.57;0.236;NCLH
0q;12.0;1.0;0.4;1.75;0.99;0.01;WYNN
+1q;12.0;1.4;0.74;2.09;1.91;-0.26700002;WYNN
0y;10.0;5.4;4.73;6.55;4.1;0.317;WYNN
+1y;14.0;5.24;3.77;8.12;5.4;-0.03;WYNN
0q;14.0;0.42;0.37;0.45;0.35;0.2;IVZ
+1q;14.0;0.45;0.41;0.49;0.47;-0.043;IVZ
0y;16.0;1.63;1.54;1.69;1.51;0.079;IVZ
+1y;16.0;1.83;1.67;1.96;1.63;0.123;IVZ
0q;3.0;2.73;2.61;2.85;2.62;0.042;DVA
+1q;3.0;2.28;2.1;2.38;1.62;0.407;DVA
0y;5.0;9.8;8.77;10.26;7.42;0.32099998;DVA
+1y;5.0;11.32;9.34;12.59;9.8;0.155;DVA
0q;14.0;2.34;2.1;2.47;2.1;0.11399999;RL
+1q;14.0;4.22;4.01;4.7;4.17;0.012;RL
0y;17.0;11.31;10.97;12.73;10.31;0.096999995;RL
+1y;18.0;12.6;11.46;15.51;11.31;0.11399999;RL
0q;21.0;0.56;0.47;0.93;0.64;-0.125;ETSY
+1q;20.0;0.98;0.81;1.34;0.62;0.581;ETSY
0y;25.0;2.4;1.96;3.77;2.24;0.071;ETSY
+1y;26.0;2.75;2.35;4.08;2.4;0.146;ETSY
0q;6.0;1.16;0.86;1.3;2.33;-0.50200003;BIO
+1q;6.0;2.76;2.7;2.85;3.1;-0.11;BIO
0y;7.0;9.26;8.87;9.49;11.78;-0.214;BIO
+1y;7.0;10.98;10.13;11.71;9.26;0.186;BIO
0q;13.0;0.15;-0.02;0.34;0.38;-0.605;AAL
+1q;14.0;0.27;-0.12;0.66;0.29;-0.069;AAL
0y;17.0;1.21;0.64;1.72;2.65;-0.543;AAL
+1y;19.0;1.97;1.06;3.4;1.21;0.628;AAL
0q;23.0;0.21;-0.07;0.4;0.3;-0.3;PARA
+1q;23.0;0.17;-0.17;0.4;0.04;3.25;PARA
0y;22.0;1.53;1.19;1.96;0.52;1.9419999;PARA
+1y;25.0;1.5;0.87;2.15;1.53;-0.02;PARA
0q;12.0;0.6;0.56;0.66;0.84;-0.286;BEN
+1q;12.0;0.63;0.55;0.72;0.65;-0.031;BEN
0y;14.0;2.41;2.37;2.44;2.6;-0.073;BEN
+1y;14.0;2.61;2.45;2.92;2.41;0.083000004;BEN
